 N1,N2,N3,N4,N5,N6,BN
 02,05,12,20,47,57,43
 02,13,24,29,32,39,46
 11,33,34,38,55,57,20
 02,06,10,12,28,29,57
 07,17,20,24,27,46,21
 16,19,22,24,27,35,28
 18,31,35,38,42,54,41
 16,28,34,40,53,54,55
 09,15,17,35,47,51,31
 03,04,10,16,40,54,08
 18,20,28,39,52,58,38
 01,11,12,17,19,54,03
 02,32,35,36,49,52,19
 09,12,14,26,35,42,18
 12,19,25,35,37,39,03
 14,19,21,22,24,38,17
 15,31,35,38,42,59,06
 03,08,13,33,39,44,56
 02,07,27,33,37,56,30
 12,16,31,38,58,59,41
 11,12,28,29,41,54,17
 33,36,43,44,50,56,18
 03,06,14,19,32,35,17
 11,12,16,19,35,50,34
 27,36,41,43,54,57,07
 09,16,30,41,44,47,13
 06,09,23,27,45,51,47
 22,43,44,47,48,54,25
 09,11,29,41,42,48,43
 02,11,13,17,39,41,37
 04,07,20,41,55,56,48
 08,12,13,20,44,49,19
 04,05,06,20,21,59,02
 18,23,36,38,39,54,12
 01,03,04,14,55,57,02
 05,17,26,48,49,57,56
 07,20,33,50,51,57,44
 21,27,38,47,49,55,54
 03,10,23,41,53,57,28
 13,32,33,37,38,50,02
 03,06,15,25,29,41,17
 02,03,29,45,48,52,54
 04,10,25,29,49,53,30
 04,17,30,34,39,43,45
 09,23,37,42,53,57,58
 03,06,10,18,52,59,49
 07,15,30,36,45,48,27
 02,25,40,42,48,59,12
 10,11,22,42,49,56,58
 06,19,20,26,28,45,07
 12,16,21,33,52,58,37
 03,25,27,33,40,45,58
 03,17,23,29,31,34,46
 09,19,22,41,55,58,44
 02,07,32,44,45,49,39
 22,27,37,38,49,51,59
 08,09,13,19,26,48,54
 11,18,24,37,47,59,13
 01,08,42,46,50,58,51
 07,11,19,25,29,31,06
 08,27,34,36,37,56,54
 05,09,18,32,44,58,34
 03,07,13,15,21,52,23
 01,09,25,29,34,39,22
 13,40,41,42,51,59,05
 03,07,10,23,24,41,59
 01,09,13,21,33,58,28
 06,11,16,21,43,50,09
 01,08,16,22,25,56,04
 06,28,30,40,53,58,13
 06,07,25,31,35,43,12
 09,13,22,45,46,48,29
 11,17,25,47,52,53,37
 12,13,14,34,50,51,22
 04,13,34,38,43,52,36
 02,07,16,31,54,59,10
 13,16,21,22,44,53,36
 02,15,18,25,57,58,53
 08,14,18,53,56,59,40
 05,26,29,43,52,54,32
 11,26,28,31,35,39,40
 17,26,31,33,45,48,47
 09,19,24,31,39,56,55
 10,12,14,17,20,29,33
 03,32,38,41,46,48,40
 15,16,19,37,49,51,17
 01,03,22,27,42,48,09
 07,15,41,43,45,50,28
 08,10,14,25,29,35,32
 11,16,18,35,44,45,51
 24,26,28,34,35,37,48
 14,15,17,33,53,55,43
 07,11,32,37,48,58,28
 02,20,34,40,48,59,06
 12,21,39,44,45,50,51
 03,04,11,20,36,56,28
 25,27,32,50,54,58,55
 05,19,28,39,41,42,43
 09,11,32,36,45,54,24
 04,19,24,29,43,53,34
 01,02,17,33,40,51,42
 08,19,25,28,29,50,46
 05,10,11,22,27,54,55
 18,20,22,34,47,58,16
 06,22,27,46,49,57,17
 07,14,20,29,38,49,42
 10,24,28,30,44,48,35
 08,22,27,44,46,48,07
 01,05,15,25,45,53,02
 02,23,38,43,53,54,41
 01,05,19,27,38,59,55
 15,26,29,37,49,53,38
 02,23,24,29,33,36,42
 17,29,31,40,47,56,44
 04,08,11,46,50,53,16
 04,12,23,30,50,56,08
 10,28,31,34,43,48,57
 15,27,33,44,46,59,30
 02,03,06,22,43,55,47
 02,04,11,23,26,33,40
 19,31,35,38,42,49,13
 05,09,31,34,46,48,49
 09,14,26,49,55,56,28
 03,11,22,23,32,47,56
 06,07,16,33,40,55,04
 12,26,28,34,41,42,32
 01,07,12,17,46,53,24
 20,37,39,52,54,57,43
 09,15,36,37,42,43,50
 25,28,37,38,42,50,06
 16,20,33,41,47,59,21
 14,15,26,37,43,54,06
 06,07,08,20,34,48,38
 04,27,28,31,51,57,48
 03,08,15,18,23,25,58
 10,16,20,22,47,52,26
 03,08,37,42,53,55,46
 01,08,14,20,24,40,52
 08,10,11,20,31,44,28
 12,34,37,41,55,58,13
 09,18,34,37,42,52,50
 07,17,22,24,31,59,50
 07,10,23,29,31,42,06
 15,20,39,43,49,59,56
 03,12,22,38,53,54,28
 09,11,46,49,53,55,16
 11,19,20,25,48,59,41
 12,13,41,42,45,50,43
 13,16,23,32,37,57,15
 02,07,17,28,31,37,08
 08,10,32,43,51,59,26
 14,17,21,24,25,39,44
 10,16,24,29,34,48,54
 05,22,28,38,50,58,02
 05,10,21,23,35,49,16
 08,20,21,33,37,56,25
 10,12,19,27,29,50,33
 11,14,20,35,41,46,02
 12,30,34,39,41,47,40
 10,11,37,45,46,58,30
 03,30,44,50,52,57,45
 06,15,18,23,24,59,14
 10,15,16,38,44,47,12
 01,12,20,22,24,35,34
 31,32,33,40,56,59,20
 17,18,22,36,39,53,31
 01,03,04,07,08,15,54
 11,13,28,32,46,47,21
 02,16,21,23,47,56,03
 13,29,36,39,44,56,03
 03,04,12,35,55,56,50
 04,13,15,20,22,59,17
 19,24,28,33,41,54,48
 05,14,22,37,42,49,54
 03,04,10,13,14,36,18
 07,24,34,36,44,51,20
 01,02,04,09,50,51,17
 02,13,32,42,54,58,28
 09,15,22,45,52,57,12
 03,23,33,36,54,55,07
 12,28,33,37,42,49,25
 12,31,35,41,44,56,59
 19,26,27,29,53,57,17
 08,22,29,31,35,51,46
 07,22,25,47,54,58,37
 03,13,17,21,35,58,29
 12,16,29,39,45,51,05
 04,12,19,20,24,42,17
 04,18,29,30,39,52,46
 03,07,13,40,43,47,49
 10,24,27,32,42,52,37
 11,13,30,40,43,44,28
 05,27,33,37,42,58,10
 13,22,39,46,54,59,58
 02,12,24,37,39,43,36
 01,19,27,28,41,50,49
 05,29,41,49,57,59,22
 06,16,24,30,33,44,07
 05,28,36,39,48,49,35
 22,31,32,45,50,53,35
 11,13,15,23,34,39,09
 09,35,49,52,53,58,29
 10,20,34,42,50,56,14
 03,05,37,46,47,57,50
 13,26,28,33,42,53,55
 02,05,23,27,31,58,56
 16,28,29,31,53,59,34
 05,08,20,23,30,50,25
 04,07,19,23,50,58,08
 07,09,14,21,30,57,18
 11,23,26,36,37,44,53
 09,33,37,39,47,54,24
 04,19,22,46,54,56,21
 06,07,11,33,45,57,18
 01,04,09,32,42,58,26
 27,34,47,56,57,58,19
 05,19,27,31,48,57,30
 01,08,14,46,49,59,19
 05,19,34,38,53,54,31
 15,22,38,39,49,56,32
 16,39,41,44,49,50,06
 14,17,19,23,34,51,54
 09,21,33,37,45,51,55
 11,13,14,16,19,38,23
 13,17,20,47,49,50,11
 01,03,05,17,50,52,11
 05,16,29,42,43,58,37
 05,17,20,30,39,49,59
 01,18,27,30,39,53,58
 04,11,22,37,44,48,39
 01,05,29,31,44,58,08
 02,13,27,31,38,41,34
 04,18,40,41,44,46,54
 07,15,26,37,39,58,41
 07,13,20,21,46,53,49
 11,33,42,56,58,59,34
 02,13,18,45,50,59,14
 11,13,18,25,36,55,39
 20,21,24,26,39,47,37
 06,08,12,26,32,46,51
 23,31,36,48,51,54,38
 01,04,09,40,44,58,21
 03,15,20,48,57,58,09
 14,15,18,22,39,50,51
 06,13,28,34,37,45,24
 11,22,25,28,45,55,15
 25,38,45,46,55,57,16
 02,06,07,29,31,42,09
 03,20,27,34,42,58,48
 09,25,42,43,46,52,06
 13,16,21,30,49,54,08
 07,10,20,24,30,38,19
 10,14,25,32,35,39,42
 03,05,06,09,35,59,38
 20,26,30,37,45,48,33
 15,22,42,49,50,54,59
 06,21,24,40,47,52,30
 14,15,31,41,44,45,20
 05,25,28,29,53,58,15
 07,16,17,19,33,57,12
 01,11,14,37,38,39,54
 02,10,13,34,41,54,26
 12,14,17,32,33,36,09
 02,12,19,32,54,58,23
 12,13,19,39,42,59,10
 06,12,15,24,40,48,45
 09,25,36,41,44,54,48
 09,23,33,43,48,53,01
 03,17,21,26,46,59,39
 13,23,25,31,43,52,06
 21,36,40,46,48,54,38
 11,14,36,39,42,59,21
 03,26,37,38,41,53,36
 20,21,32,34,52,59,01
 11,23,25,38,53,58,52
 09,19,41,46,52,59,24
 01,04,06,30,32,38,18
 05,16,24,34,44,57,20
 30,31,37,45,49,56,51
 12,25,37,48,51,57,08
 18,20,38,40,42,51,45
 12,15,21,24,39,50,35
 21,34,37,39,44,51,26
 03,05,06,15,41,45,39
 06,10,29,50,55,57,05
 15,19,26,41,51,57,52
 10,22,35,38,56,57,46
 07,10,24,31,48,56,15
 05,08,24,47,50,53,31
 02,04,06,35,55,58,44
 01,07,10,30,40,53,02
 10,11,18,29,44,59,17
 03,17,23,24,30,49,59
 22,24,27,30,52,57,20
 11,12,14,17,44,58,29
 13,18,27,35,46,53,40
 03,14,15,46,52,53,50
 20,24,33,34,50,51,07
 14,20,23,28,33,54,12
 07,13,21,23,39,44,16
 03,10,26,38,41,47,45
 10,21,29,33,42,51,48
 43,48,49,52,55,58,32
 05,08,33,37,47,52,20
 04,22,26,27,33,37,20
 33,34,44,50,56,57,26
 21,27,31,50,53,59,24
 09,16,26,28,47,58,49
 12,16,17,43,53,57,29
 08,24,36,39,46,56,48
 06,22,29,48,50,59,03
 04,12,35,41,47,50,46
 05,26,36,53,57,58,02
 01,20,25,35,46,59,28
 03,13,41,50,56,57,58
 13,14,25,31,37,39,04
 08,21,37,39,56,59,32
 21,28,33,36,43,46,27
 03,05,21,28,56,57,14
 14,29,31,41,43,56,42
 03,17,28,42,52,57,58
 15,24,26,30,42,59,18
 06,13,14,20,45,52,54
 12,23,27,45,51,54,59
 02,15,17,28,30,45,54
 06,13,14,15,31,33,38
 12,30,31,34,52,58,56
 08,24,25,32,33,46,47
 04,07,08,37,42,50,36
 01,15,16,17,24,48,09
 04,11,17,19,39,42,59
 05,16,17,32,51,59,53
 13,24,34,35,49,55,53
 13,14,16,28,43,52,56
 10,11,18,20,37,49,05
 03,07,21,29,34,39,19
 06,31,39,47,48,58,08
 07,18,47,51,56,59,17
 08,20,22,39,47,48,16
 04,13,21,27,28,37,19
 23,27,29,37,43,47,11
 04,18,21,24,37,58,22
 04,08,12,15,38,56,30
 06,09,30,48,51,52,55
 01,09,16,27,30,51,34
 32,35,36,37,40,51,43
 15,17,27,40,45,52,28
 13,15,31,32,36,56,53
 13,21,33,40,44,52,09
 19,32,44,45,52,53,12
 20,24,25,27,34,37,50
 02,13,38,42,52,54,39
 03,04,13,14,38,56,52
 01,14,21,36,39,41,34
 03,19,28,33,41,43,57
 18,24,34,49,50,57,41
 07,15,30,39,52,59,38
 17,18,27,28,35,57,51
 04,10,27,30,48,50,54
 01,02,15,19,39,43,58
 13,32,36,37,39,46,40
 10,15,22,41,51,57,58
 03,16,27,34,36,46,06
 11,12,13,19,43,58,48
 23,26,34,36,44,59,43
 06,07,17,28,34,37,59
 05,17,20,37,45,51,29
 03,25,33,35,48,56,01
 12,27,29,35,36,41,51
 09,19,22,33,47,54,01
 02,03,07,20,40,52,14
 01,12,27,29,31,47,23
 12,27,34,38,40,41,32
 14,24,37,39,41,53,19
 04,14,15,33,50,53,16
 12,18,21,38,44,54,14
 06,22,28,36,48,53,13
 09,11,16,27,36,52,50
 09,15,24,34,43,49,32
 03,06,33,39,46,57,17
 01,15,17,33,53,59,41
 01,10,16,36,46,55,44
 28,33,36,45,49,51,48
 09,20,41,43,46,48,07
 18,36,50,53,57,58,22
 06,19,27,32,39,57,50
 10,17,23,40,51,52,20
 10,12,23,31,37,46,15
 08,27,34,40,55,56,43
 07,10,31,32,34,40,14
 01,04,27,48,57,59,05
 16,24,29,30,32,38,01
 04,06,14,32,34,39,46
 07,08,18,21,23,57,04
 06,12,20,48,52,57,34
 20,25,26,48,49,50,30
 12,38,40,51,57,58,29
 02,08,28,32,40,45,05
 04,06,13,49,56,58,12
 03,05,18,22,26,49,29
 02,03,23,27,40,50,30
 12,15,24,34,36,51,21
 07,16,26,28,36,58,09
 06,08,11,17,29,44,20
 01,05,09,21,26,42,17
 16,17,29,47,52,56,15
 02,03,08,23,40,54,52
 04,33,36,39,45,49,20
 01,09,16,17,18,34,13
 03,16,18,24,36,56,10
 05,06,08,20,26,39,01
 15,16,37,42,44,50,48
 01,15,29,33,42,49,54
 27,28,32,39,46,52,06
 04,09,17,21,26,46,12
 04,28,31,36,51,55,42
 22,30,34,35,45,50,51
 01,06,25,45,49,52,56
 03,05,07,13,25,57,37
 03,15,38,45,48,53,27
 01,08,12,16,18,42,04
 09,21,23,30,35,38,53
 02,08,36,51,52,54,10
 06,08,09,36,39,57,37
 11,17,21,24,37,49,45
 26,43,44,46,52,55,06
 20,42,48,51,52,54,21
 04,10,14,21,27,28,23
 02,28,30,36,38,43,33
 13,38,39,49,53,56,59
 07,08,10,14,28,33,26
 13,38,47,51,52,59,18
 16,22,26,38,39,47,48
 09,27,35,45,46,57,32
 11,18,30,33,44,55,48
 23,32,37,49,54,57,47
 18,26,27,28,41,54,45
 25,37,39,44,50,56,13
 06,36,46,49,50,59,38
 03,33,45,50,52,56,44
 10,20,28,32,35,50,24
 01,06,16,34,49,59,35
 11,18,27,38,47,59,14
 13,18,19,47,53,57,44
 09,12,27,28,29,44,08
 26,32,38,41,49,51,46
 09,12,28,31,46,50,10
 11,21,36,45,49,56,02
 12,18,37,52,56,58,53
 01,04,13,24,27,47,02
 10,25,34,41,46,55,36
 01,19,35,38,54,55,45
 08,17,28,35,47,51,52
 09,13,39,49,52,53,56
 16,20,29,33,47,49,45
 05,23,36,37,42,52,14
 11,13,33,48,50,56,55
 03,11,28,36,38,47,32
 11,15,45,54,55,58,12
 05,10,21,47,51,57,16
 04,08,24,27,31,39,45
 19,23,24,28,37,51,12
 21,22,32,36,45,50,05
 10,14,16,22,25,34,21
 06,08,27,31,37,51,20
 02,40,49,53,56,58,41
 01,28,42,43,51,58,36
 04,10,13,24,53,56,22
 01,24,39,46,49,52,51
 10,13,14,18,33,34,15
 02,07,11,23,37,45,19
 01,20,24,32,33,42,30
 09,27,29,37,44,53,49
 09,10,14,17,32,58,22
 05,18,22,31,50,59,30
 32,33,34,48,52,57,13
 01,08,24,27,29,55,04
 02,15,19,33,37,43,12
 01,08,33,50,52,57,41
 07,21,26,30,40,48,13
 02,09,33,39,48,54,43
 10,12,19,21,35,51,42
 20,26,50,51,55,57,40
 03,06,12,17,35,40,33
 01,02,05,11,14,33,48
 02,06,08,32,33,35,45
 04,07,19,23,34,38,46
 15,37,38,42,45,59,54
 07,24,26,37,40,57,44
 04,20,21,44,48,52,34
 14,16,19,31,38,47,20
 07,18,21,26,42,50,59
 23,29,32,48,49,51,13
 14,18,23,39,44,52,47
 16,17,32,36,40,47,04
 03,09,21,25,28,59,36
 03,08,18,47,50,59,12
 03,06,31,43,46,53,26
 25,37,38,43,54,57,17
 20,28,30,31,44,55,50
 01,04,19,20,41,45,07
 04,22,28,39,45,49,25
 04,16,17,22,27,52,30
 08,14,27,33,46,49,11
 11,24,25,39,53,57,09
 12,26,29,34,56,58,41
 03,07,11,19,27,52,05
 07,22,30,38,42,47,14
 10,39,45,46,52,54,12
 05,29,35,36,40,44,42
 04,07,14,19,50,56,08
 25,32,34,52,55,58,09
 19,20,27,49,52,57,04
 21,23,25,27,36,47,17
 07,18,21,27,28,48,10
 10,11,33,41,45,54,18
 02,03,05,27,51,54,06
 08,35,42,43,54,59,21
 20,31,39,42,43,48,01
 07,42,44,47,58,59,52
 07,23,40,42,47,59,58
 18,30,33,39,54,55,21
 19,23,25,29,30,36,14
 14,29,35,41,42,55,11
 15,25,50,52,54,55,28
 27,28,46,51,55,57,14
 02,23,42,47,50,59,32
 03,13,14,34,50,51,11
 13,20,30,38,50,55,05
 01,02,12,23,41,55,09
 05,10,11,45,54,58,40
 12,27,33,36,42,45,26
 13,15,36,44,50,56,45
 02,21,23,32,44,49,56
 07,14,16,33,35,47,25
 06,20,27,34,35,57,39
 09,13,21,25,28,31,01
 08,16,24,36,40,57,51
 07,16,22,39,48,55,50
 23,25,28,38,47,58,31
 08,17,31,47,49,52,12
 02,10,25,51,56,59,17
 01,02,07,09,44,55,39
 02,11,16,46,51,58,31
 17,22,25,27,32,35,05
 13,16,28,34,41,56,40
 02,08,19,41,51,56,23
 16,23,26,38,56,59,32
 05,29,30,39,53,58,19
 08,15,17,31,33,52,13
 04,05,18,29,40,47,57
 23,27,30,36,40,42,58
 14,22,40,44,55,58,12
 04,08,12,13,32,34,58
 13,15,20,37,42,47,49
 02,19,21,23,29,42,26
 03,04,16,39,43,52,47
 18,23,32,33,34,41,54
 01,25,28,34,39,57,50
 06,10,14,19,26,43,28
 04,09,26,35,38,53,30
 03,13,27,30,32,37,08
 11,13,32,40,45,49,39
 05,10,16,26,41,58,15
 01,40,41,49,52,57,43
 27,36,39,45,46,55,38
 11,14,26,51,53,58,30
 06,09,10,41,46,58,45
 14,16,24,28,30,53,23
 05,08,09,17,23,29,49
 07,11,36,44,52,58,31
 08,30,34,44,45,57,31
 09,18,20,42,43,46,30
 14,19,30,45,48,58,03
 02,04,17,28,37,45,22
 14,18,23,28,36,37,32
 05,08,40,41,43,45,23
 18,25,29,32,35,58,12
 04,10,11,17,53,54,06
 24,30,44,50,56,57,09
 10,20,27,29,38,52,57
 11,32,43,44,47,52,27
 05,07,09,24,32,44,38
 06,09,17,32,44,57,11
 22,26,31,39,47,55,35
 07,40,42,47,52,54,29
 06,16,34,36,37,53,50
 12,13,22,37,42,55,43
 11,20,23,32,33,56,25
 08,26,36,39,40,47,42
 03,15,27,32,46,53,57
 05,09,26,35,43,54,24
 07,27,31,36,37,50,18
 07,22,23,26,31,54,03
 08,11,18,39,44,50,23
 13,14,19,45,49,55,24
 16,19,31,35,45,56,59
 16,17,35,39,40,55,41
 10,12,23,29,35,57,09
 01,07,26,34,52,53,10
 22,29,35,41,43,51,42
 07,08,11,17,34,54,04
 08,23,28,42,43,51,52
 04,10,15,24,37,38,30
 20,22,36,42,48,49,30
 05,08,22,33,36,43,21
 05,09,17,26,35,52,44
 03,27,35,45,54,55,24
 13,18,25,35,39,50,21
 06,26,30,50,52,59,27
 02,19,35,53,56,58,12
 06,26,32,37,42,59,38
 01,11,29,40,46,48,17
 22,27,35,40,46,52,02
 02,12,15,43,46,53,17
 04,08,16,19,33,45,54
 19,20,22,31,51,54,16
 06,09,38,40,42,48,57
 03,11,17,33,41,51,48
 11,15,18,43,46,51,12
 04,08,26,31,42,45,55
 25,27,31,36,38,47,12
 03,16,24,41,44,53,15
 01,06,41,53,55,59,20
 07,22,31,43,47,58,02
 29,40,42,47,51,56,45
 05,27,30,41,45,58,38
 11,15,17,22,31,52,45
 01,12,44,48,54,55,08
 13,29,32,43,49,55,26
 03,17,36,42,51,57,18
 18,25,27,28,32,47,06
 08,09,10,35,40,53,21
 26,31,38,40,45,57,28
 07,14,35,45,54,58,01
 04,15,17,24,32,56,31
 12,24,33,34,39,56,38
 05,26,34,35,43,49,19
 03,22,31,46,51,59,53
 06,23,36,38,43,48,17
 01,06,13,23,45,56,41
 05,08,09,12,31,49,57
 36,39,45,46,48,52,38
 15,27,30,32,42,43,10
 24,31,35,42,46,53,09
 04,05,09,12,17,42,32
 04,11,20,45,48,53,16
 07,12,17,38,42,44,53
 04,05,09,40,46,59,58
 16,31,41,45,47,52,53
 05,14,20,24,28,45,21
 01,06,25,26,31,39,56
 09,22,32,40,51,59,17
 12,18,40,42,46,59,49
 01,05,06,20,51,54,56
 19,26,40,52,56,58,38
 10,49,50,53,54,56,04
 23,26,30,32,37,39,05
 03,05,11,25,27,45,18
 17,36,40,44,54,58,27
 03,08,37,39,47,59,42
 05,16,18,20,25,55,36
 07,20,25,26,34,40,59
 25,42,48,50,55,58,44
 11,12,13,14,54,56,36
 07,19,33,34,52,53,48
 12,18,22,23,48,59,47
 03,21,22,38,46,55,50
 19,23,30,50,51,54,55
 09,22,33,39,41,56,48
 15,20,21,25,34,47,36
 01,02,06,12,13,55,11
 03,28,34,41,48,58,54
 01,03,10,18,19,37,57
 08,19,20,27,31,34,07
 05,17,23,25,34,51,52
 15,17,18,34,46,54,04
 11,29,31,32,38,45,10
 05,19,20,23,30,43,06
 09,13,16,25,40,46,52
 22,34,44,49,51,53,33
 04,08,13,26,41,55,58
 08,11,17,25,33,46,13
 17,18,29,48,52,54,01
 08,13,22,46,52,58,07
 06,28,32,45,46,49,50
 04,41,45,54,57,58,26
 01,10,15,25,31,47,53
 15,22,26,35,41,43,01
 10,18,36,37,41,46,08
 05,15,22,33,38,45,11
 03,17,20,55,56,58,57
 12,22,31,35,42,58,55
 04,32,38,43,51,58,10
 04,05,08,26,32,39,16
 09,14,19,29,39,40,03
 01,15,17,32,36,45,05
 01,03,34,36,48,52,22
 04,22,26,32,48,54,57
 01,15,21,30,35,44,05
 18,21,25,30,56,59,05
 02,09,14,49,52,56,41
 04,08,10,26,38,48,41
 03,11,37,38,43,44,20
 05,14,18,40,41,50,12
 02,08,09,12,20,57,38
 04,11,21,39,41,59,58
 10,40,42,46,47,48,38
 21,25,32,52,56,59,28
 01,04,31,33,52,55,13
 01,09,15,26,38,43,14
 06,08,20,26,35,36,39
 02,06,07,15,52,54,45
 03,11,16,36,43,59,49
 02,35,44,51,54,55,45
 07,08,13,24,45,46,39
 07,19,38,45,47,53,15
 03,07,36,42,53,59,50
 08,10,22,37,55,57,29
 15,19,20,29,42,50,36
 09,10,27,30,33,45,29
 02,11,35,40,48,55,07
 14,25,29,30,35,53,38
 05,08,09,10,38,53,56
 02,08,33,46,48,50,05
 03,12,15,29,51,58,13
 05,19,29,34,40,45,57
 08,26,27,29,49,58,38
 05,19,21,42,44,57,18
 29,33,43,45,49,56,16
 01,22,39,44,48,59,05
 02,10,19,28,29,31,47
 30,33,37,43,55,56,46
 06,07,09,18,35,46,05
 06,11,27,29,40,55,45
 18,28,31,32,44,51,50
 11,19,20,30,35,49,44
 33,37,42,47,55,58,34
 18,36,48,57,58,59,50
 20,32,36,44,47,56,41
 10,20,28,38,41,46,16
 22,25,35,45,46,57,14
 06,14,23,24,43,58,40
 02,32,37,39,46,54,19
 03,19,24,31,50,52,16
 04,09,13,32,46,50,52
 20,32,42,43,53,58,08
 04,07,29,45,54,56,08
 02,16,17,27,36,37,42
 01,20,24,36,54,58,11
 02,11,22,36,51,59,07
 04,16,27,30,41,49,54
 02,17,25,32,42,49,04
 06,20,23,29,35,53,57
 13,14,18,19,21,36,53
 08,15,33,42,55,58,53
 01,03,11,37,49,58,21
 03,31,37,41,44,59,32
 11,12,15,22,27,44,07
 06,22,40,43,47,58,42
 17,38,49,54,55,56,13
 15,20,30,37,47,51,21
 12,20,32,38,48,54,05
 13,18,21,30,50,54,20
 30,35,45,47,52,55,40
 17,18,26,39,54,56,57
 08,20,25,50,51,58,45
 01,06,31,37,49,50,38
 04,11,14,21,29,56,27
 04,07,13,49,56,58,06
 16,30,34,50,52,53,46
 30,33,35,40,41,59,08
 34,42,46,57,58,59,38
 20,25,34,41,42,52,58
 08,16,21,41,44,56,45
 12,25,39,46,52,55,03
 07,17,28,43,44,45,54
 10,27,49,52,55,56,17
 05,09,25,34,51,59,44
 14,24,30,45,49,56,27
 04,06,24,35,45,52,08
 01,26,41,55,56,59,36
 05,10,29,35,55,56,30
 05,13,21,35,41,47,23
 02,06,14,16,25,36,42
 07,08,14,47,56,58,23
 07,14,19,38,40,45,18
 01,11,18,27,32,50,25
 16,18,25,27,29,57,04
 02,19,36,52,54,59,06
 02,10,21,23,54,56,44
 04,16,26,39,42,54,24
 01,03,05,11,15,43,48
 01,11,16,20,24,44,42
 02,04,14,23,34,46,45
 10,18,28,35,36,50,02
 06,08,12,36,37,41,50
 12,19,21,38,47,51,48
 18,23,28,52,56,59,36
 20,22,31,39,41,54,33
 03,30,44,45,55,59,37
 07,08,13,29,43,53,16
 03,19,20,24,30,38,41
 07,14,15,21,23,57,52
 07,12,17,35,37,58,25
 05,34,36,38,39,48,30
 13,22,24,34,41,57,40
 24,29,30,36,46,48,07
 12,15,30,43,47,59,41
 04,06,34,37,42,52,24
 04,27,47,54,55,59,45
 08,10,16,19,23,31,48
 03,16,34,42,49,52,50
 14,23,36,45,47,50,21
 10,16,18,32,42,45,30
 01,02,11,23,25,54,14
 05,06,16,32,42,51,39
 39,48,52,53,54,58,28
 06,11,12,19,27,31,42
 03,08,19,26,37,41,43
 06,24,27,38,39,58,55
 06,15,23,29,55,57,46
 11,19,22,42,43,49,48
 24,38,39,40,49,56,21
 02,07,21,22,47,53,42
 18,24,34,38,41,49,26
 01,16,28,31,38,54,05
 11,13,21,37,49,59,04
 17,23,28,38,47,56,31
 15,18,23,42,43,52,28
 07,23,41,44,49,54,37
 06,09,27,30,40,50,22
 06,08,15,31,45,58,39
 05,21,23,34,43,45,20
 04,09,20,23,37,53,39
 04,13,37,40,52,58,51
 08,14,20,27,28,53,45
 14,19,21,36,53,54,33
 21,26,29,35,46,59,10
 08,16,33,36,45,51,38
 10,29,37,42,48,49,32
 10,17,35,41,51,54,25
 05,40,47,48,52,54,33
 16,19,29,46,54,58,12
 10,13,22,35,42,52,27
 02,11,18,32,40,54,08
 03,07,08,09,40,58,36
 11,26,31,32,33,46,20
 16,27,31,32,44,58,42
 03,08,09,19,21,54,31
 10,20,25,39,45,55,22
 01,02,28,40,48,49,17
 02,04,08,25,38,39,29
 05,07,08,16,28,37,40
 07,12,33,47,50,51,40
 03,11,16,31,44,55,08
 12,13,30,34,39,52,38
 08,12,16,26,45,49,27
 05,14,19,24,31,38,29
 07,08,16,24,29,58,42
 05,11,27,29,52,53,13
 09,19,26,27,45,50,23
 02,03,04,32,54,59,12
 14,16,25,42,46,51,53
 02,22,29,30,36,58,53
 11,17,20,32,40,42,27
 11,16,25,37,43,44,39
 04,05,18,28,43,58,55
 19,29,37,41,51,53,55
 11,24,34,43,44,47,42
 20,21,28,33,49,56,43
 10,14,25,29,52,54,37
 16,23,35,42,44,58,28
 06,17,37,46,47,51,02
 03,10,12,29,30,44,11
 02,06,17,28,38,55,37
 15,16,26,45,47,49,50
 05,10,22,23,34,54,08
 04,10,15,37,38,59,01
 08,18,26,35,41,52,17
 04,15,27,36,37,59,55
 12,20,31,39,43,46,38
 11,17,35,36,40,59,39
 34,39,42,47,53,54,08
 16,17,22,38,41,55,05
 14,26,28,41,51,57,48
 09,24,26,38,40,46,30
 19,20,30,37,54,59,25
 18,29,30,37,46,59,23
 10,14,17,32,36,50,41
 01,22,30,34,57,58,51
 01,03,22,29,36,42,12
 01,03,20,24,38,39,04
 03,09,16,19,24,43,13
 10,19,21,45,46,56,02
 13,14,18,22,24,56,16
 11,25,36,39,40,57,37
 10,17,26,31,35,38,47
 02,14,19,20,29,38,27
 04,17,30,38,47,55,03
 28,33,43,49,55,58,21
 07,32,34,48,55,58,30
 23,27,36,39,41,49,06
 08,10,36,40,52,57,59
 06,20,33,44,45,55,16
 06,07,19,28,30,52,46
 01,03,28,34,37,46,59
 09,12,23,24,32,51,16
 13,22,23,33,49,54,53
 04,14,17,27,34,36,28
 01,02,03,04,20,21,22
 01,02,05,38,53,56,31
 12,24,29,34,39,57,28
 02,14,26,35,44,59,24
 01,07,09,10,12,31,28
 02,05,14,42,51,55,54
 13,15,17,19,35,57,21
 20,22,25,34,47,51,18
 15,17,31,41,50,57,05
 07,14,20,33,47,55,15
 05,13,24,31,40,41,07
 05,12,43,51,53,57,28
 07,14,21,35,41,42,43
 21,27,31,34,40,54,22
 13,14,31,42,44,58,01
 13,21,30,39,51,56,01
 26,31,35,37,40,49,36
 11,19,29,37,40,41,47
 04,15,21,26,39,58,20
 11,14,22,37,53,56,55
 04,14,18,19,26,27,25
 02,17,35,41,57,59,42
 05,15,33,47,51,59,07
 15,16,23,39,48,59,36
 02,13,25,32,37,39,48
 10,12,18,34,52,56,50
 23,25,34,36,37,54,49
 01,06,21,31,41,44,42
 08,38,41,42,50,58,24
 08,09,10,11,41,54,24
 18,36,37,38,54,57,14
 01,08,12,25,43,52,38
 04,12,38,46,57,59,08
 26,27,46,47,52,58,48
 08,30,40,50,54,57,13
 12,25,29,40,48,56,52
 22,31,47,52,55,59,23
 17,21,31,38,44,58,20
 01,02,04,19,28,41,32
 13,14,27,46,48,50,42
 10,12,35,46,48,57,14
 15,22,25,40,53,57,23
 03,08,14,28,34,53,32
 10,11,15,50,51,56,23
 09,11,14,28,37,42,12
 07,12,20,24,34,52,18
 18,29,38,41,43,57,08
 02,08,10,11,32,47,18
 09,23,30,46,49,55,37
 02,23,39,54,55,57,11
 02,17,27,28,51,52,14
 02,03,34,43,49,50,38
 11,13,18,25,29,47,59
 26,39,41,42,55,59,16
 26,36,41,46,49,52,09
 29,31,43,55,58,59,11
 13,14,21,25,51,53,39
 08,30,37,40,46,50,36
 07,13,20,27,39,52,35
 02,03,16,32,53,54,08
 05,07,11,30,44,49,25
 07,08,09,14,35,44,04
 05,08,11,17,40,45,06
 09,17,31,33,41,42,26
 09,17,21,23,35,36,37
 14,26,28,31,32,44,22
 12,14,21,22,37,43,36
 14,20,28,31,40,46,44
 06,18,20,21,29,31,03
 24,29,33,40,43,49,22
 02,09,27,29,33,40,46
 12,18,23,33,42,43,10
 03,04,07,18,48,49,32
 07,19,22,28,40,44,31
 05,06,07,25,27,33,34
 04,08,10,21,41,49,28
 06,15,17,20,24,25,37
 06,22,28,30,39,44,33
 05,08,12,28,39,41,18
 01,16,27,42,46,47,24
 18,21,31,42,45,47,19
 02,04,05,15,20,48,37
 07,23,26,33,38,45,29
 08,15,17,33,41,47,35
 04,07,14,21,22,29,41
 06,12,32,36,38,47,01
 03,10,35,38,40,41,27
 13,14,35,39,46,49,03
 04,10,13,18,29,33,49
 02,04,08,21,30,38,22
 14,23,28,33,35,42,04
 01,06,23,25,32,35,27
 02,08,12,15,21,42,22
 18,23,25,37,39,47,17
 23,29,30,39,42,49,05
 10,14,19,24,28,33,06
 17,32,39,40,43,49,02
 06,07,23,27,38,49,24
 12,27,28,39,41,48,03
 01,08,22,30,34,40,25
 06,09,22,38,39,41,37
 07,11,15,32,46,48,17
 01,05,21,33,34,47,31
 05,17,22,31,40,48,18
 01,11,14,15,19,41,40
 07,10,11,30,31,42,36
 03,04,25,27,42,45,07
 04,11,27,28,30,49,47
 15,21,28,35,42,43,23
 01,23,27,36,43,45,10
 01,18,22,25,31,39,42
 17,22,24,28,33,46,19
 18,28,30,31,41,46,01
 01,18,20,31,38,47,43
 11,15,18,22,41,49,37
 03,04,06,21,23,44,48
 03,17,20,24,38,43,12
 01,05,07,21,37,49,30
 04,07,09,17,20,48,11
 06,17,24,29,33,36,45
 07,09,21,22,24,47,25
 02,17,21,26,30,48,31
 03,08,19,27,42,43,46
 04,07,09,10,19,47,43
 12,14,15,20,40,41,42
 01,19,24,27,38,48,36
 21,23,25,34,42,49,30
 07,20,23,29,40,46,22
 08,09,10,21,35,41,22
 03,06,15,17,18,35,22
 10,13,17,22,40,46,32
 07,10,16,33,39,44,15
 03,04,17,24,30,34,36
 04,08,19,35,44,49,17
 01,06,32,34,37,45,26
 29,37,42,46,47,49,04
 17,20,28,29,33,36,23
 13,14,16,24,41,43,39
 04,05,10,12,20,23,24
 10,15,17,18,19,31,24
 12,18,22,37,38,49,35
 11,23,28,30,32,46,49
 07,09,13,44,47,48,22
 18,22,23,32,40,42,28
 02,19,24,33,35,46,12
 18,30,33,34,38,48,36
 14,15,31,36,42,47,01
 19,23,40,43,45,49,08
 04,17,19,25,35,37,07
 06,11,18,19,38,42,17
 26,28,29,30,41,49,31
 02,03,05,15,22,29,26
 02,15,35,36,38,39,04
 05,26,28,30,42,44,40
 05,09,10,13,41,44,39
 06,07,22,27,35,42,01
 02,05,21,25,34,36,28
 03,05,09,28,35,47,14
 13,14,17,25,31,49,18
 11,15,17,30,43,49,03
 05,24,28,36,42,47,08
 01,22,30,33,40,47,42
 06,19,24,26,42,43,23
 02,05,08,23,26,32,18
 04,27,28,29,34,43,20
 04,18,24,34,36,48,10
 01,04,05,07,18,47,06
 01,03,07,19,20,46,15
 04,08,29,33,38,48,15
 02,06,22,26,33,48,43
 09,19,22,34,41,46,06
 12,15,22,29,30,35,44
 13,16,18,24,31,43,02
 11,29,32,37,40,48,14
 12,22,23,27,34,35,25
 01,19,20,30,35,46,40
 05,17,29,36,37,49,02
 01,07,11,38,41,42,45
 06,12,15,24,35,47,22
 01,03,25,33,36,42,14
 05,09,11,20,23,30,45
 16,36,40,43,45,47,10
 17,21,29,33,35,46,28
 13,23,28,37,42,45,25
 02,05,11,22,24,42,01
 08,14,22,26,35,37,11
 14,18,20,30,43,47,35
 05,09,14,25,34,38,40
 04,11,22,27,47,49,33
 03,19,23,28,37,43,34
 03,08,11,12,39,43,18
 08,15,23,24,28,34,09
 01,18,20,38,43,48,42
 08,12,28,30,43,49,42
 05,15,19,25,34,36,40
 03,07,13,17,27,40,19
 10,11,18,23,26,37,06
 09,18,22,23,29,33,15
 11,13,14,28,40,42,48
 05,10,16,23,31,44,37
 14,19,30,31,47,48,16
 07,09,18,24,39,40,04
 18,26,32,36,40,45,21
 10,31,35,40,41,44,46
 02,05,09,28,29,48,36
 10,19,20,33,43,46,25
 15,26,29,35,36,41,19
 03,05,08,10,16,17,46
 16,17,22,38,44,49,14
 01,07,09,27,30,48,28
 09,25,34,37,44,45,06
 17,22,23,33,36,42,12
 16,18,29,34,35,39,40
 13,20,31,34,36,44,11
 01,06,10,23,25,40,32
 04,17,22,26,31,47,32
 08,17,20,32,41,43,09
 03,07,20,31,43,45,41
 14,16,20,38,39,45,23
 08,14,16,21,47,49,29
 20,29,33,35,37,40,05
 17,20,28,39,43,44,40
 04,21,25,27,31,49,26
 14,19,22,25,38,48,08
 11,12,16,20,35,46,34
 02,09,12,26,31,44,05
 01,04,05,08,25,46,30
 04,09,10,13,29,40,45
 03,10,11,24,25,35,43
 19,23,34,35,39,49,33
 17,19,35,37,46,48,02
 15,17,19,22,33,40,27
 03,07,20,24,30,39,48
 08,25,27,36,39,44,04
 12,13,28,33,46,49,29
 27,34,35,36,41,48,29
 09,29,37,38,42,46,35
 04,15,21,30,41,49,11
 02,06,09,18,24,35,19
 07,12,23,27,30,31,33
 04,11,13,24,32,46,19
 22,23,25,27,28,46,24
 19,23,31,36,45,46,27
 04,11,18,28,41,44,08
 09,12,16,22,26,48,14
 16,24,25,30,34,45,49
 04,08,09,10,21,24,31
 12,18,25,28,33,40,17
 02,07,25,35,40,42,13
 13,21,24,29,35,41,08
 01,08,10,14,18,37,27
 10,12,17,28,30,42,25
 06,12,16,18,21,29,26
 09,16,19,31,36,37,15
 15,19,22,25,42,48,14
 12,16,22,35,38,48,15
 05,11,15,23,35,39,44
 03,19,21,30,41,47,38
 04,06,15,23,36,44,11
 01,02,06,29,32,47,13
 05,06,14,18,29,33,07
 10,28,32,36,37,49,27
 20,23,26,29,34,41,32
 10,14,20,22,45,49,09
 10,18,27,37,41,47,33
 03,12,19,21,29,31,15
 12,15,24,26,31,35,36
 05,12,21,26,33,45,35
 04,11,27,34,36,45,09
 05,15,17,19,20,47,38
 16,17,21,27,30,37,15
 10,12,14,25,46,48,31
 05,07,20,24,30,41,37
 11,15,36,37,38,45,09
 02,04,05,17,22,29,14
 18,20,24,30,39,48,46
 07,24,27,31,40,41,33
 01,11,12,13,35,42,05
 06,07,08,13,24,28,18
 04,14,15,17,21,31,48
 01,05,17,19,37,47,11
 05,20,26,40,42,48,01
 03,04,27,29,47,49,23
 15,25,26,33,34,41,43
 12,18,38,39,45,49,19
 14,15,17,26,35,46,18
 03,16,20,26,28,43,15
 03,05,09,13,17,37,15
 10,16,33,38,40,44,32
 12,13,18,39,43,49,37
 22,26,30,40,42,47,04
 01,03,17,19,39,42,31
 06,24,33,38,42,43,11
 12,15,24,36,45,49,32
 03,09,10,16,20,22,35
 16,24,27,39,45,49,44
 15,27,31,40,41,49,01
 07,13,25,31,34,45,04
 08,11,29,34,40,41,35
 08,24,26,28,36,43,34
 06,09,13,35,36,47,31
 03,04,16,20,33,44,27
 02,07,10,15,17,28,24
 08,09,13,17,41,43,14
 10,18,35,38,41,43,21
 11,13,24,32,34,47,09
 03,05,25,33,34,35,14
 05,06,26,30,33,40,43
 10,23,35,39,45,46,01
 03,05,24,31,48,49,15
 04,05,06,20,30,35,34
 09,12,24,25,26,43,03
 12,15,20,31,33,40,38
 11,12,22,27,40,44,37
 07,08,11,12,39,42,02
 01,13,25,39,41,44,26
 09,11,16,17,18,38,47
 08,34,38,42,44,46,14
 12,14,16,18,20,33,35
 03,13,23,27,41,49,06
 03,16,27,33,36,42,12
 11,21,22,41,47,48,36
 05,11,21,32,42,48,28
 08,15,24,40,43,45,33
 08,10,22,24,37,44,02
 03,14,16,19,37,44,31
 04,11,14,27,43,46,42
 01,11,12,27,48,49,19
 06,08,21,23,41,46,05
 12,19,25,36,44,46,18
 03,09,14,38,42,47,19
 06,09,23,31,35,48,11
 02,14,20,23,24,30,22
 02,16,25,30,31,32,36
 03,06,36,44,45,48,47
 07,20,27,39,46,48,49
 06,14,20,23,29,49,48
 08,10,27,34,40,41,48
 09,10,16,18,27,42,43
 02,12,13,14,21,30,39
 09,10,24,43,47,48,05
 02,06,21,29,34,47,11
 06,10,14,24,32,41,29
 05,09,13,16,35,39,11
 05,12,13,35,38,47,45
 03,07,11,12,24,27,13
 05,21,24,25,39,48,32
 10,15,17,21,37,47,02
 07,09,20,21,30,37,42
 06,08,31,37,40,48,36
 03,11,17,39,47,49,34
 04,14,28,34,43,44,13
 04,26,33,41,48,49,19
 06,19,22,23,28,29,18
 09,15,18,33,38,44,16
 29,33,35,36,45,48,27
 03,04,14,31,48,49,45
 05,27,31,32,38,49,01
 14,28,37,38,45,48,18
 02,04,27,34,39,44,37
 04,12,19,22,36,40,44
 17,19,20,21,25,26,14
 14,15,17,29,30,33,37
 10,23,24,25,30,37,45
 14,19,35,36,40,45,48
 05,07,09,17,20,45,10
 07,30,32,36,40,41,45
 07,14,20,30,33,46,27
 01,10,19,36,47,48,11
 09,10,24,37,39,40,36
 04,07,19,21,39,49,26
 14,26,30,32,36,48,15
 15,19,23,29,30,46,02
 01,11,16,18,27,42,04
 03,09,11,29,45,46,19
 01,06,07,08,25,42,39
 06,08,11,39,40,43,22
 10,13,29,31,36,45,44
 05,14,19,23,33,48,40
 14,18,19,35,44,45,33
 14,16,21,22,24,41,32
 08,15,21,26,28,32,29
 17,22,26,27,39,41,43
 15,30,36,39,41,49,02
 04,07,12,28,32,37,14
 12,18,23,31,44,48,40
 03,11,23,28,30,48,29
 21,27,38,42,44,46,41
 10,14,35,36,37,46,43
 01,05,14,18,34,44,23
 06,14,19,22,30,36,23
 08,10,15,21,23,45,43
 13,20,24,27,33,39,06
 07,10,22,29,43,44,26
 08,14,15,22,41,48,43
 05,14,20,40,41,42,08
 11,26,34,38,40,46,07
 13,27,29,42,43,46,28
 12,19,28,29,38,49,30
 05,22,23,30,33,45,06
 03,09,14,19,34,38,36
 01,18,19,24,30,38,41
 10,22,29,39,46,47,09
 03,25,28,30,39,45,05
 06,10,12,30,36,49,04
 03,19,21,37,40,49,35
 12,25,29,34,45,47,16
 05,14,24,26,37,44,30
 09,17,20,27,37,41,03
 16,18,20,25,29,34,15
 07,14,25,33,45,48,11
 02,06,07,15,25,44,45
 03,04,18,24,44,49,17
 01,19,39,40,42,46,22
 05,06,21,41,48,49,37
 01,05,18,21,23,33,20
 02,07,08,10,22,23,46
 04,13,17,26,27,40,36
 18,22,25,35,39,41,31
 01,03,09,23,37,46,06
 08,13,18,21,40,44,42
 10,23,25,34,41,47,30
 07,08,16,22,24,28,48
 01,05,15,22,26,42,40
 20,27,33,41,44,46,12
 12,16,23,25,31,42,18
 09,23,26,33,40,44,31
 02,05,18,40,47,49,19
 03,08,16,22,38,39,26
 06,24,27,31,39,45,32
 10,14,21,25,39,45,40
 01,03,16,20,37,40,15
 14,15,18,26,31,36,48
 01,03,12,23,37,43,33
 02,08,11,28,35,44,17
 07,20,23,28,31,40,42
 13,14,29,41,46,49,43
 07,25,26,27,29,32,33
 07,12,15,35,43,49,08
 02,19,22,30,33,41,24
 09,28,30,33,40,44,16
 01,23,24,31,45,49,06
 07,13,16,31,36,44,26
 04,07,40,41,45,48,46
 07,17,21,22,38,39,03
 10,12,25,28,31,40,01
 02,08,26,30,39,45,46
 05,17,32,39,42,49,19
 09,22,31,34,35,43,20
 07,10,12,15,25,42,33
 02,09,27,33,39,40,45
 08,14,15,17,20,47,38
 09,26,28,30,42,43,02
 07,11,37,38,42,44,02
 08,11,13,17,48,49,19
 01,15,23,32,36,43,19
 07,28,30,34,38,45,06
 01,22,35,39,42,48,12
 03,10,25,28,30,43,31
 16,21,24,29,30,39,20
 10,14,27,31,32,47,41
 01,30,35,47,48,49,08
 13,23,24,25,26,30,04
 13,16,25,26,36,46,15
 04,11,19,22,31,48,06
 01,29,31,32,34,36,45
 10,12,26,27,39,40,20
 06,12,13,28,33,38,10
 02,08,10,23,27,32,44
 14,16,23,24,27,39,43
 11,12,33,37,38,49,03
 05,09,14,28,46,49,45
 04,23,34,38,39,41,27
 20,27,28,34,43,44,01
 13,14,18,32,34,49,20
 07,12,27,34,41,46,14
 13,24,25,26,37,40,30
 06,16,22,26,30,34,45
 09,15,17,29,30,39,11
 04,15,17,26,37,41,29
 15,19,25,36,44,45,43
 10,16,29,34,37,47,31
 11,15,32,33,37,39,28
 02,03,06,41,44,45,10
 23,28,29,37,38,42,49
 05,07,09,10,22,47,37
 04,29,31,36,38,48,35
 04,17,20,26,29,36,31
 05,26,43,46,47,49,28
 06,07,29,32,41,46,49
 11,27,46,47,48,49,42
 02,03,18,30,34,35,24
 03,19,32,40,47,48,37
 05,30,31,33,35,45,03
 02,04,07,27,43,44,45
 01,14,18,24,26,28,19
 18,19,26,39,40,47,04
 04,10,29,32,34,40,48
 04,16,22,34,39,42,35
 01,02,11,30,33,45,39
 06,10,15,32,42,49,04
 04,09,13,15,18,40,30
 07,11,15,18,19,49,25
 01,02,21,24,33,49,39
 26,32,34,35,41,48,01
 10,18,34,35,39,48,06
 05,06,13,21,31,47,30
 05,09,15,30,32,39,31
 16,22,23,36,45,48,19
 03,08,10,35,38,39,31
 09,25,29,32,37,38,28
 09,11,35,37,40,45,26
 03,19,36,40,43,48,21
 07,21,25,32,43,44,27
 02,07,09,18,38,45,42
 02,03,17,23,40,43,31
 07,08,17,30,46,48,34
 04,17,23,24,30,35,05
 06,15,20,36,38,42,04
 08,18,27,28,46,48,44
 17,30,33,34,38,48,09
 17,18,24,29,35,48,03
 02,03,07,17,21,32,01
 01,06,12,29,36,44,21
 06,15,27,32,37,44,03
 05,06,18,36,44,49,10
 03,05,08,09,18,44,42
 04,34,40,41,44,49,46
 01,14,25,33,34,43,15
 06,08,17,21,39,47,22
 07,11,13,14,38,41,45
 12,14,32,44,48,49,25
 10,16,17,21,39,41,47
 02,09,16,21,31,44,38
 06,18,23,26,32,44,34
 10,26,28,34,35,39,17
 02,15,16,18,47,48,21
 07,17,19,29,30,38,40
 09,11,37,40,41,49,33
 04,13,23,29,41,43,49
 01,25,27,41,46,49,04
 06,08,20,29,34,36,43
 01,08,15,21,31,39,32
 06,16,26,32,34,46,33
 05,11,15,26,29,32,49
 16,24,27,28,30,36,35
 02,06,08,09,36,39,29
 33,34,37,40,41,47,05
 02,17,20,42,46,48,44
 05,20,25,30,36,47,15
 14,17,20,43,47,49,31
 04,14,18,24,41,44,25
 09,18,34,41,42,43,33
 07,08,21,24,33,34,02
 11,12,17,19,24,47,37
 13,14,32,35,41,47,46
 04,10,35,36,43,46,06
 04,09,33,34,36,45,26
 02,03,16,26,34,39,49
 13,15,22,25,33,34,17
 07,13,33,37,48,49,20
 09,21,35,38,46,49,40
 06,09,31,33,40,45,41
 11,15,24,33,43,49,27
 14,16,23,24,25,43,48
 04,15,19,44,45,49,11
 20,21,22,24,27,34,29
 04,10,18,41,42,47,08
 11,30,38,45,46,49,37
 06,07,08,17,27,46,29
 03,06,27,29,33,41,08
 05,11,29,31,35,39,45
 15,26,30,35,40,41,34
 12,22,30,31,34,39,36
 13,21,28,37,39,45,06
 02,22,32,33,37,45,11
 03,05,11,16,41,48,32
 02,03,14,29,35,42,12
 14,30,31,36,44,47,26
 06,30,34,38,45,48,32
 18,19,24,26,27,44,08
 05,11,19,29,33,35,46
 09,17,18,23,30,35,14
 10,16,25,26,32,40,46
 21,25,29,32,38,44,14
 19,22,30,33,35,39,05
 09,12,27,29,41,47,19
 04,05,16,17,20,32,03
 02,20,33,40,43,46,14
 04,20,21,35,39,40,28
 08,10,26,34,48,49,06
 16,19,26,27,41,47,34
 07,20,21,27,28,41,04
 03,17,32,35,43,49,27
 05,10,12,17,28,30,47
 08,15,19,26,33,36,01
 02,13,16,24,25,40,18
 05,13,17,31,42,46,04
 04,21,25,27,31,34,45
 13,16,22,25,31,39,07
 14,17,22,24,38,43,21
 10,24,30,33,40,45,16
 01,11,33,37,42,43,19
 24,26,33,35,43,44,27
 08,16,25,27,28,34,32
 15,28,32,43,44,45,20
 01,15,25,26,40,43,16
 03,05,30,31,38,47,37
 23,29,34,36,41,45,22
 08,31,37,43,44,48,14
 06,18,20,25,35,36,31
 18,26,33,35,37,47,03
 05,09,13,17,22,27,30
 34,37,39,41,42,47,45
 04,08,32,34,40,47,16
 01,16,17,19,33,34,09
 14,26,33,45,46,49,30
 05,22,23,24,26,29,31
 02,12,17,25,33,39,01
 02,17,36,39,42,48,41
 02,04,05,19,20,27,21
 01,04,16,37,47,49,27
 15,23,24,34,36,47,44
 01,04,24,26,27,48,28
 11,17,19,40,44,45,16
 01,26,28,32,46,48,10
 03,06,08,10,36,47,02
 06,15,28,29,30,47,19
 05,11,19,23,38,46,34
 01,04,12,23,33,40,35
 02,10,16,19,33,45,30
 03,10,29,31,36,44,45
 02,06,08,23,44,46,37
 06,09,11,21,40,48,27
 08,11,20,33,43,47,49
 08,09,19,28,31,37,45
 14,18,29,38,43,44,13
 06,11,15,32,38,42,24
 03,05,23,28,42,49,41
 05,11,13,18,25,46,26
 16,30,34,37,41,42,05
 23,25,28,33,44,49,46
 01,06,13,23,29,34,37
 06,13,27,28,34,42,43
 18,27,32,35,44,47,23
 07,14,17,42,44,45,47
 03,11,18,23,38,49,34
 08,24,27,31,34,36,19
 03,22,27,31,38,49,45
 16,22,24,30,39,44,09
 05,07,15,37,42,44,03
 03,12,15,17,22,29,05
 03,11,12,20,21,28,31
 02,03,04,19,23,40,22
 01,04,07,11,13,27,12
 03,07,08,16,19,30,09
 02,16,17,18,27,28,43
 04,07,10,14,27,42,25
 06,08,14,16,21,43,19
 20,24,33,34,37,48,25
 04,16,18,43,45,49,23
 26,29,30,42,43,47,18
 05,14,27,29,34,35,04
 02,08,23,25,36,42,30
 15,18,26,32,36,37,22
 01,20,28,33,40,45,35
 02,20,34,35,40,44,49
 03,13,22,23,39,45,04
 05,13,31,36,40,41,06
 08,20,36,43,45,49,12
 02,19,22,25,34,47,28
 03,04,27,30,36,47,08
 03,06,11,17,23,29,44
 09,24,30,32,36,40,35
 01,04,12,13,18,19,38
 01,05,09,20,23,39,38
 04,06,12,31,38,48,29
 19,21,39,44,45,49,47
 01,02,23,39,42,49,05
 12,18,26,35,40,44,49
 24,25,34,38,41,43,11
 05,09,12,31,32,38,03
 06,12,16,19,33,44,20
 11,25,27,32,37,43,03
 05,11,24,32,35,42,20
 17,36,37,40,43,45,34
 26,27,28,43,45,46,05
 14,21,23,32,36,46,17
 02,10,15,28,36,41,08
 03,05,17,32,40,43,29
 23,25,28,41,46,47,27
 18,20,31,33,43,45,01
 18,23,34,44,46,48,06
 18,20,24,30,43,44,47
 02,11,23,28,35,39,15
 12,19,22,26,36,41,39
 02,04,07,27,28,35,21
 09,18,34,37,39,47,05
 03,09,11,17,27,48,06
 18,23,24,36,43,44,21
 10,23,26,30,41,45,49
 16,31,32,46,47,48,34
 09,20,21,27,39,40,14
 09,17,26,32,33,36,06
 01,16,18,32,39,44,33
 02,06,27,28,40,49,14
 03,13,19,20,23,26,01
 08,17,30,32,38,40,04
 02,22,23,31,35,40,20
 09,27,28,33,39,41,12
 05,08,10,29,39,41,15
 04,06,10,28,35,39,08
 10,16,21,22,35,49,31
 14,16,26,39,44,48,23
 01,02,11,31,38,43,46
 09,17,25,26,31,42,07
 10,17,20,21,23,31,32
 03,04,17,24,29,40,46
 08,10,11,14,28,36,18
 01,13,18,36,43,48,02
 03,08,21,23,30,46,26
 06,14,32,35,41,42,43
 04,06,22,31,33,35,03
 02,05,19,20,33,43,32
 02,12,24,31,41,48,40
 12,17,32,41,44,48,15
 09,10,30,37,45,46,29
 01,05,09,27,42,45,21
 13,16,19,31,37,47,05
 06,09,28,31,37,42,12
 01,08,10,13,20,34,28
 10,17,25,32,34,40,20
 01,15,35,42,45,48,38
 07,14,17,39,41,49,29
 11,21,34,42,43,45,20
 13,24,33,35,42,49,37
 05,09,18,23,31,39,37
 06,11,24,30,32,45,03
 08,10,21,23,25,48,03
 11,18,28,32,36,39,21
 03,05,14,19,24,40,38
 02,17,19,28,31,47,14
 13,23,26,27,37,49,47
 01,31,32,33,36,38,08
 02,05,22,25,39,41,27
 09,16,25,29,31,37,24
 06,09,20,21,31,34,48
 06,21,30,32,33,44,35
 03,21,25,32,37,46,15
 06,25,33,37,42,43,23
 06,19,25,32,37,39,21
 18,22,26,42,45,46,44
 05,23,24,29,39,44,26
 02,04,17,19,38,45,15
 09,14,16,38,46,47,11
 03,07,24,25,26,41,28
 04,24,31,33,36,40,25
 01,04,13,15,35,38,39
 04,29,37,39,40,43,09
 24,25,26,38,39,40,03
 03,25,28,29,32,45,48
 01,07,09,33,36,38,39
 03,18,28,37,39,42,40
 05,08,11,15,38,45,21
 01,08,27,32,39,45,07
 09,19,36,37,39,49,10
 03,11,15,33,36,45,38
 07,10,24,39,40,42,05
 02,10,24,31,37,47,38
 03,09,11,23,36,44,25
 10,15,17,26,46,49,47
 02,04,16,28,37,47,05
 09,11,23,27,29,33,36
 10,12,20,37,39,48,31
 04,12,19,21,34,44,38
 10,34,35,39,43,47,33
 03,06,13,23,27,49,16
 04,12,34,35,38,48,27
 05,07,18,27,31,33,29
 14,17,30,37,38,41,49
 01,05,13,20,27,45,14
 15,24,26,27,33,34,23
 02,11,13,27,34,43,25
 18,19,25,30,33,43,04
 06,10,12,15,20,27,26
 01,20,31,38,43,46,36
 01,12,29,35,37,40,25
 03,10,12,30,39,40,23
 01,08,15,18,34,38,19
 20,21,23,24,27,28,33
 09,13,24,25,42,48,05
 17,18,28,29,32,40,39
 06,27,29,38,42,49,30
 11,21,27,38,40,44,02
 01,14,21,24,35,46,38
 05,15,20,22,24,47,45
 03,09,11,24,29,43,25
 05,21,28,29,40,44,35
 07,15,16,19,22,48,38
 04,06,09,13,35,36,46
 03,05,07,09,24,35,11
 02,14,27,31,36,44,48
 08,14,33,34,35,43,12
 09,16,23,26,27,42,44
 01,29,32,33,34,38,06
 02,03,09,34,35,41,46
 05,09,10,11,23,26,12
 09,10,17,29,33,40,15
 07,09,23,30,47,49,18
 08,15,23,32,35,49,09
 04,26,28,32,44,46,07
 03,11,19,24,33,35,09
 15,17,33,35,39,40,49
 06,09,13,18,29,30,37
 03,12,17,18,22,42,19
 16,27,28,29,30,42,43
 02,03,09,15,26,29,19
 02,22,26,28,30,39,12
 03,04,12,23,30,31,33
 07,12,19,23,46,48,28
 11,12,22,23,24,36,26
 08,09,11,16,18,22,36
 12,26,34,39,40,45,19
 07,16,17,23,29,34,04
 01,08,22,28,35,44,19
 05,09,14,37,38,44,42
 19,27,35,37,39,42,23
 15,20,22,34,37,39,17
 10,25,28,36,45,48,40
 03,06,10,26,30,38,15
 02,23,38,41,47,49,01
 03,11,12,41,46,47,20
 03,04,29,34,41,42,25
 04,14,18,24,32,40,37
 09,10,12,16,30,31,03
 02,15,17,32,36,42,04
 15,31,33,35,41,44,09
 01,04,16,37,39,40,35
 10,15,23,34,39,41,33
 05,19,24,38,42,46,27
 04,10,14,29,31,38,43
 04,17,22,44,46,49,26
 01,06,08,14,17,32,12
 07,23,30,41,45,49,02
 02,06,21,23,43,47,29
 11,17,28,31,40,43,39
 03,22,27,33,45,48,17
 07,11,14,27,45,48,37
 05,21,22,25,27,35,14
 02,23,37,40,48,49,29
 01,13,26,38,41,47,07
 04,15,18,30,31,47,09
 08,14,16,39,43,47,38
 01,08,12,20,29,49,04
 16,29,30,32,38,45,40
 08,11,16,25,39,46,37
 07,17,29,31,39,44,04
 09,18,21,24,37,48,22
 09,14,24,28,32,41,13
 02,14,26,29,31,40,07
 02,05,12,15,30,48,38
 05,07,18,22,25,34,12
 07,08,27,37,40,46,01
 01,02,06,13,38,43,24
 04,12,13,15,30,36,42
 06,10,30,32,43,45,23
 08,13,17,22,29,42,43
 06,11,15,18,34,45,43
 14,24,26,28,44,49,45
 02,03,12,20,33,49,11
 13,15,25,31,37,39,41
 04,13,23,28,30,32,11
 08,14,18,23,27,44,48
 11,13,14,16,21,44,35
 11,13,21,33,36,47,03
 12,22,25,43,46,49,10
 19,20,23,42,44,45,07
 04,06,10,11,24,33,26
 02,08,13,18,26,39,10
 12,24,33,36,39,42,21
 11,15,25,33,44,45,17
 01,14,25,37,39,47,38
 06,08,24,25,32,47,15
 11,16,20,22,27,46,29
 04,05,21,35,37,42,14
 05,11,13,18,25,35,07
 02,06,09,13,17,36,04
 03,10,22,25,31,49,04
 09,12,20,25,33,35,17
 06,08,10,13,22,32,03
 14,16,24,28,45,48,29
 04,15,25,27,33,40,20
 10,12,22,32,45,46,27
 07,11,12,36,38,39,44
 01,09,24,27,36,45,49
 05,06,18,22,24,38,10
 01,17,24,26,30,49,14
 01,09,10,11,16,49,37
 02,08,16,24,32,41,04
 03,12,15,18,30,31,25
 02,05,06,13,25,47,45
 03,07,12,21,25,36,24
 04,13,18,21,30,46,05
 04,10,20,24,39,49,31
 11,24,26,35,39,40,38
 03,27,34,41,42,48,08
 04,06,11,17,31,41,44
 07,13,17,33,40,42,08
 18,31,35,39,40,42,32
 02,12,26,32,37,47,22
 02,05,15,34,35,43,12
 06,10,11,19,22,46,40
 03,09,12,13,20,43,07
 12,23,25,26,34,49,04
 03,06,15,23,28,42,40
 04,18,22,27,44,48,33
 03,18,21,24,36,38,20
 03,10,21,25,29,49,20
 12,31,33,39,41,45,23
 15,27,35,37,38,39,11
 03,09,10,12,46,47,22
 16,22,28,30,33,35,37
 03,13,22,32,44,46,26
 10,11,17,34,38,46,48
 07,13,23,40,41,48,01
 06,12,19,25,31,41,21
 13,16,22,43,47,49,28
 08,17,33,41,43,45,37
 13,19,24,30,40,48,31
 02,03,23,33,40,46,30
 07,21,22,28,37,40,01
 01,10,33,35,38,43,34
 02,20,22,25,41,47,37
 03,15,19,24,28,34,17
 03,19,31,32,36,40,43
 17,19,20,32,36,48,18
 09,20,22,24,27,28,12
 03,06,09,12,40,43,44
 08,09,19,34,47,49,04
 04,33,34,38,39,49,23
 11,18,25,27,39,44,34
 11,17,24,28,41,47,48
 01,07,25,31,32,39,18
 14,20,21,30,41,46,06
 08,11,17,30,32,41,47
 13,16,23,29,36,49,14
 08,11,21,32,35,42,47
 23,24,30,31,33,37,20
 11,14,19,35,46,49,17
 03,35,39,42,44,48,41
 02,05,19,23,32,41,38
 09,14,26,28,30,45,38
 15,19,29,35,44,45,07
 01,09,14,20,43,44,32
 06,21,24,38,39,48,41
 01,09,16,34,38,41,04
 04,14,25,35,42,48,37
 01,05,11,19,28,36,38
 04,15,34,40,44,46,45
 05,18,26,34,42,49,08
 01,06,26,34,39,42,25
 06,18,40,43,47,49,32
 01,02,04,38,42,43,23
 22,26,38,39,41,42,08
 06,16,18,29,30,35,48
 13,17,39,46,47,49,48
 13,14,21,30,43,49,17
 04,15,21,23,24,38,36
 02,08,10,31,46,48,12
 04,07,26,28,39,49,47
 12,17,21,25,31,37,30
 05,08,12,20,28,48,40
 01,02,13,29,33,49,06
 15,25,29,35,39,40,11
 04,06,30,36,43,44,20
 01,02,07,11,37,45,14
 16,27,29,34,39,45,19
 10,16,24,37,44,49,04
 04,10,21,22,25,38,31
 05,08,11,27,30,46,34
 04,12,14,20,46,49,24
 05,08,10,18,20,46,43
 02,05,09,12,22,32,34
 09,11,15,31,42,46,27
 17,20,31,40,42,46,01
 04,07,31,38,44,48,01
 14,15,24,31,45,49,34
 01,19,20,32,42,46,49
 02,03,17,22,40,42,12
 23,24,28,33,34,41,18
 02,18,31,38,39,46,42
 17,30,33,40,42,43,34
 09,13,14,20,31,35,32
 04,05,06,12,20,29,30
 02,07,10,14,16,22,43
 15,18,23,31,37,49,38
 06,12,36,39,41,48,17
 08,15,24,31,37,42,45
 14,16,24,26,27,39,06
 04,13,23,24,26,36,45
 12,14,16,19,27,32,44
 08,12,13,19,26,38,11
 02,03,16,27,44,48,24
 06,26,28,35,42,43,38
 03,21,29,35,38,45,46
 11,12,16,33,34,43,28
 08,15,17,40,43,48,21
 02,15,21,37,43,46,36
 05,07,14,29,37,38,12
 03,08,20,22,34,40,38
 19,21,22,38,44,49,45
 10,17,24,31,42,49,05
 06,16,20,21,23,37,40
 06,29,31,34,40,48,04
 04,08,16,20,25,31,43
 24,30,38,43,46,49,06
 02,04,12,16,18,41,48
 03,11,13,18,26,31,35
 05,08,09,18,41,47,49
 04,05,16,19,21,49,20
 07,17,27,30,33,39,06
 20,22,23,26,31,47,02
 04,21,25,37,45,46,06
 06,12,19,20,38,39,13
 18,20,26,27,28,39,45
 06,10,19,29,32,42,13
 07,17,29,33,42,45,24
 18,28,33,37,39,42,15
 11,12,34,39,44,48,21
 09,14,21,23,39,44,19
 08,16,27,38,44,49,31
 25,26,33,40,41,47,10
 04,07,10,33,35,49,46
 14,27,32,39,41,47,12
 06,09,11,14,33,48,31
 04,06,07,09,28,39,20
 04,16,32,34,35,37,01
 05,08,12,24,28,31,22
 01,17,25,29,41,46,06
 06,16,17,22,24,45,48
 03,10,19,33,35,38,08
 03,15,21,22,36,47,27
 08,13,28,32,36,46,15
 02,07,11,21,33,34,08
 09,11,22,39,40,42,12
 10,29,31,32,36,47,17
 01,27,32,33,45,48,25
 09,24,30,40,42,48,15
 03,09,33,44,47,49,38
 07,15,19,23,37,48,45
 07,19,26,38,44,49,24
 05,06,07,18,28,40,12
 01,02,16,22,26,49,15
 09,17,18,21,23,39,45
 02,06,18,36,37,44,19
 02,06,10,17,29,30,09
 04,08,16,19,34,40,38
 07,10,22,24,34,44,18
 01,14,21,30,35,48,24
 04,09,13,29,31,36,16
 01,11,14,35,37,42,26
 01,16,22,32,33,40,48
 15,16,19,28,38,42,20
 07,14,24,37,43,48,29
 05,09,27,35,42,43,14
 09,23,32,35,36,40,05
 05,11,12,16,17,45,42
 04,09,15,25,30,40,42
 09,27,28,31,41,42,25
 01,03,06,22,23,39,21
 05,11,13,17,44,48,25
 09,18,22,29,30,48,23
 09,14,15,18,26,46,45
 01,25,26,27,39,49,37
 02,03,07,24,46,47,36
 04,08,16,23,28,47,34
 05,06,08,19,34,38,11
 08,14,19,28,29,48,06
 07,13,31,43,45,47,23
 06,09,11,33,36,49,29
 06,08,10,19,30,42,23
 17,21,25,27,30,37,16
 05,06,12,13,31,45,24
 07,11,15,21,35,47,43
 07,09,17,22,27,40,41
 20,23,25,30,31,48,10
 02,08,11,12,22,26,46
 02,10,11,28,36,47,33
 07,14,29,37,41,45,04
 19,27,28,34,39,46,07
 14,33,36,39,42,46,13
 04,09,10,19,24,37,28
 04,09,22,24,30,41,20
 12,13,25,30,45,47,42
 01,15,23,30,45,49,33
 12,13,21,26,32,39,17
 19,25,32,47,48,49,28
 02,05,13,30,39,49,03
 10,14,26,28,33,38,23
 18,20,22,30,32,39,03
 07,18,20,21,29,47,31
 04,07,29,30,42,44,39
 05,07,13,15,19,45,38
 01,14,20,22,25,26,09
 14,17,23,30,34,42,19
 04,06,31,42,46,47,11
 21,32,41,42,43,46,17
 02,11,27,29,36,44,15
 02,23,33,35,40,42,25
 09,21,23,31,40,46,08
 15,20,22,25,35,39,36
 01,08,24,27,34,46,30
 01,05,07,41,43,49,45
 14,26,34,35,36,45,32
 04,10,14,21,32,49,44
 06,13,17,23,32,43,49
 01,40,43,44,48,49,02
 07,11,12,20,38,44,45
 03,10,13,22,31,33,15
 19,22,30,35,44,48,03
 08,15,30,31,34,43,40
 03,06,07,17,30,34,08
 02,10,30,36,37,43,29
 03,09,13,35,43,45,08
 10,12,13,17,31,37,44
 07,12,16,24,29,37,44
 04,29,39,41,43,45,42
 02,03,21,24,38,44,47
 03,25,36,39,42,47,23
 07,20,22,23,34,37,38
 03,12,17,36,44,49,20
 08,25,33,35,38,40,07
 07,12,23,26,29,44,31
 15,23,27,38,44,49,34
 01,04,07,44,47,48,14
 04,07,26,41,42,49,37
 07,11,12,37,42,45,04
 01,02,18,25,34,45,31
 11,13,26,34,44,48,02
 06,08,13,15,21,40,35
 03,11,17,19,20,41,06
 10,16,21,24,34,46,30
 14,18,29,33,37,39,47
 14,34,38,43,47,48,09
 04,19,22,27,28,47,41
 12,18,22,33,43,48,25
 01,06,11,17,29,43,08
 02,06,21,34,35,49,46
 30,35,38,41,45,48,46
 02,23,26,30,39,47,31
 02,15,20,24,32,47,29
 03,18,25,29,31,43,23
 13,26,27,38,41,43,35
 25,26,32,39,40,42,41
 14,23,36,40,41,48,06
 14,22,25,27,45,47,08
 22,26,36,43,45,49,06
 18,26,27,29,34,42,36
 01,11,23,26,29,31,39
 05,21,23,28,40,48,26
 12,14,25,30,32,38,42
 06,08,18,33,43,49,27
 03,07,09,21,35,39,32
 01,02,08,09,41,48,29
 14,21,25,39,40,47,20
 06,19,24,26,27,49,08
 03,06,15,16,33,48,43
 08,14,25,40,43,48,33
 17,25,30,32,36,37,06
 10,16,19,30,35,45,06
 09,13,18,29,30,49,41
 11,18,20,23,32,48,25
 12,18,22,24,32,33,17
 19,22,33,36,43,44,01
 02,19,28,33,44,49,21
 03,08,27,38,44,46,35
 03,12,14,22,33,40,19
 05,15,23,30,34,42,14
 15,24,28,33,34,47,37
 05,20,30,32,35,38,09
 04,05,31,33,38,42,41
 07,10,17,28,29,33,36
 05,08,15,20,42,48,40
 04,06,09,12,15,40,25
 04,22,30,41,43,47,29
 15,19,24,36,37,49,35
 04,12,27,44,45,47,41
 05,16,22,25,27,30,33
 07,11,19,25,31,39,23
 07,09,19,23,27,49,01
 11,12,16,26,35,39,34
 08,09,35,38,42,45,14
 07,18,27,31,36,49,43
 04,07,09,10,43,46,11
 06,09,15,23,38,48,45
 01,04,08,26,28,36,31
 11,14,20,24,28,36,46
 04,10,12,13,14,22,21
 13,27,37,40,43,49,01
 02,26,29,36,39,40,10
 05,25,33,35,36,39,43
 03,08,09,26,27,47,45
 09,11,21,39,40,46,35
 22,27,33,37,38,40,24
 10,13,19,25,31,33,21
 25,32,33,36,45,46,47
 03,07,14,17,18,43,42
 06,17,22,27,30,34,26
 06,11,12,19,37,44,16
 01,05,06,31,33,41,35
 04,14,23,31,35,41,24
 03,10,28,29,42,43,02
 12,19,40,42,46,49,17
 05,10,13,14,28,42,48
 03,11,17,21,33,44,27
 05,08,19,30,35,42,18
 01,10,27,35,39,48,28
 03,05,10,25,43,47,20
 12,25,27,32,37,49,28
 06,07,10,20,37,44,36
 10,12,13,19,31,46,17
 01,02,19,30,44,49,21
 06,11,12,13,36,42,21
 13,14,31,32,37,41,42
 11,12,19,47,48,49,07
 08,11,28,33,38,41,40
 04,07,08,10,17,22,11
 03,13,17,29,40,48,39
 10,11,14,21,25,42,15
 22,27,30,31,48,49,28
 06,09,13,15,40,43,02
 01,03,11,16,23,36,22
 06,27,33,38,45,47,08
 06,09,31,32,40,47,24
 05,10,11,16,17,33,13
 06,08,21,25,43,47,16
 11,12,15,29,37,43,45
 16,21,24,28,31,33,03
 05,18,21,24,38,48,25
 02,23,28,31,42,45,17
 22,26,29,31,35,42,06
 07,22,35,44,48,49,16
 01,12,23,26,35,45,43
 05,08,09,26,29,44,16
 05,22,26,40,42,43,44
 01,04,06,18,19,40,30
 11,15,18,24,34,44,28
 01,04,05,25,34,46,12
 10,22,28,33,37,39,42
 04,29,35,44,46,49,12
 10,11,15,18,19,40,28
 14,17,23,28,42,49,05
 23,32,33,42,43,45,04
 05,06,10,15,27,49,20
 01,03,26,34,43,47,12
 01,03,04,05,17,37,30
 07,19,20,29,41,49,18
 03,21,31,42,47,48,34
 01,03,22,32,38,44,45
 25,30,34,39,40,47,16
 09,25,33,36,46,49,43
 03,09,12,28,29,38,05
 04,07,08,11,24,40,33
 19,21,25,33,37,41,38
 07,17,19,26,29,41,49
 13,21,37,42,46,48,22
 05,16,30,38,42,43,04
 01,10,11,18,19,46,43
 11,14,17,34,37,43,22
 17,19,20,35,43,45,07
 24,38,40,44,47,48,23
 06,19,22,38,39,43,18
 06,21,28,34,38,41,47
 01,05,08,18,42,48,38
 01,03,05,13,21,24,29
 14,15,17,31,39,45,23
 22,23,38,40,43,47,32
 18,22,25,44,45,46,07
 09,11,18,20,35,47,40
 05,12,13,19,27,47,40
 08,10,16,17,30,47,07
 16,25,27,32,35,43,42
 03,11,25,28,34,45,42
 04,08,21,24,39,44,05
 02,05,19,21,40,46,33
 14,23,29,39,41,45,17
 02,12,17,23,24,34,10
 17,18,22,23,40,49,10
 19,28,31,34,41,47,01
 03,18,22,27,41,46,37
 01,07,24,27,46,48,31
 08,23,35,39,44,46,31
 04,06,13,21,36,46,37
 01,07,09,28,33,39,04
 08,14,21,26,37,48,09
 03,11,13,34,35,43,08
 02,28,34,35,38,47,06
 09,23,25,26,33,36,37
 16,32,34,35,40,48,03
 01,05,08,16,31,39,22
 11,12,13,18,43,48,21
 17,30,31,32,35,47,42
 06,09,13,17,21,24,30
 02,12,33,39,45,48,29
 10,12,18,20,22,47,38
 09,11,15,24,38,46,29
 09,19,25,29,30,38,03
 04,10,18,21,43,49,15
 06,19,29,32,34,46,39
 05,11,17,23,40,45,41
 07,11,16,32,42,49,17
 03,06,11,20,34,43,36
 06,22,25,26,28,44,09
 02,08,23,32,35,39,16
 03,16,24,27,30,48,21
 07,24,30,44,46,47,38
 11,13,28,34,37,45,09
 01,02,15,23,31,48,49
 03,09,15,16,21,29,46
 03,04,08,09,30,32,12
 09,25,28,37,41,48,30
 01,21,25,27,39,42,17
 10,11,13,38,39,42,08
 18,26,33,38,43,44,02
 08,18,19,29,44,45,42
 10,15,18,25,42,48,11
 05,06,34,37,42,48,31
 01,09,10,12,42,45,27
 10,15,16,18,19,28,08
 11,14,19,25,30,41,38
 01,08,13,22,36,45,21
 05,26,28,45,47,49,08
 02,17,22,38,45,49,01
 01,12,16,26,37,49,23
 11,19,23,31,38,46,09
 03,09,10,17,34,48,36
 02,15,16,17,26,42,35
 09,12,13,15,21,33,43
 02,07,24,30,31,35,18
 06,10,18,19,22,43,08
 01,14,17,23,30,47,12
 01,10,17,23,29,35,36
 02,06,07,23,27,30,21
 12,20,36,39,44,45,49
 16,18,26,32,38,40,27
 03,12,29,37,43,46,11
 09,13,22,39,48,49,14
 02,05,06,17,18,30,29
 07,20,27,40,43,49,12
 02,09,12,22,25,26,21
 01,07,15,25,27,32,22
 04,22,25,30,34,42,35
 18,19,21,32,35,39,42
 08,12,15,22,36,48,37
 01,03,04,16,17,27,07
 08,18,24,26,32,38,31
 07,12,26,33,35,47,28
 03,06,07,29,46,49,37
 16,20,26,35,43,46,10
 09,21,27,33,35,48,18
 13,24,31,33,41,44,05
 08,10,13,31,38,48,14
 05,07,23,29,38,47,26
 03,05,16,25,43,45,23
 07,20,25,27,33,45,41
 09,26,30,31,38,45,32
 08,11,15,21,37,39,25
 05,15,21,33,35,42,26
 10,22,35,37,47,49,31
 02,08,10,45,47,49,09
 02,10,15,16,18,39,36
 04,24,25,28,38,47,11
 06,16,33,37,40,41,25
 05,06,08,32,33,41,15
 03,08,12,23,34,46,24
 22,24,29,31,44,45,35
 05,18,34,38,40,45,22
 19,30,33,38,42,44,31
 01,04,10,17,28,35,32
 04,20,32,44,48,49,27
 12,17,18,20,30,35,49
 23,27,32,37,41,43,35
 01,13,17,26,42,46,30
 02,13,30,39,45,47,21
 01,06,26,29,37,48,27
 03,19,35,38,39,42,01
 05,16,23,35,44,47,46
 04,11,20,35,43,46,18
 11,29,33,38,46,48,44
 09,18,22,26,37,41,20
 10,12,22,34,46,48,03
 19,32,33,36,40,45,28
 03,22,27,29,34,41,31
 02,18,20,32,36,37,05
 04,08,09,19,32,46,17
 04,22,23,37,43,44,19
 11,17,21,22,40,42,19
 11,21,38,39,45,47,26
 10,13,15,16,29,48,49
 02,19,29,34,35,36,18
 02,04,23,26,28,40,29
 06,07,20,29,37,39,25
 11,25,35,36,42,47,18
 05,06,12,19,30,47,25
 16,18,19,44,46,48,03
 10,30,34,42,48,49,06
 03,06,08,14,24,31,35
 04,05,08,19,31,37,36
 02,06,08,21,41,42,07
 05,28,32,39,42,48,21
 10,21,26,31,48,49,29
 07,10,24,32,33,45,29
 11,26,36,43,44,46,29
 12,30,43,44,45,47,10
 13,19,25,28,34,45,32
 16,18,35,36,39,48,15
 07,22,25,31,44,47,01
 15,16,18,36,37,49,28
 02,03,14,15,21,48,08
 02,09,10,11,13,16,26
 06,21,29,32,33,47,04
 01,06,07,11,13,30,27
 04,07,12,29,37,42,14
 08,14,24,27,29,32,21
 15,20,28,37,40,44,23
 07,21,29,31,38,41,28
 02,23,28,33,45,47,13
 02,18,23,31,43,46,11
 04,07,09,17,36,46,23
 04,17,26,28,38,46,03
 05,14,19,32,34,42,35
 19,20,31,32,35,40,23
 01,06,08,20,29,38,31
 13,16,23,28,31,32,18
 10,22,23,30,33,42,36
 06,11,19,35,36,44,39
 09,13,15,23,26,45,49
 24,26,28,29,34,44,45
 07,13,21,34,35,43,10
 07,10,16,34,47,48,36
 10,11,31,41,45,46,42
 15,21,23,24,31,32,08
 04,18,19,20,30,43,24
 01,20,42,43,44,49,09
 02,04,05,22,27,29,24
 04,25,28,36,42,49,37
 06,07,25,33,38,43,23
 14,17,18,22,32,37,12
 18,21,32,36,39,41,09
 03,13,14,23,30,36,32
 01,02,10,34,47,48,12
 15,16,18,28,36,47,49
 03,05,07,26,43,47,10
 13,19,27,36,41,44,03
 19,26,30,34,40,44,13
 07,14,15,25,27,40,18
 05,09,18,39,43,46,48
 21,22,30,31,38,48,13
 04,06,10,19,40,49,09
 01,25,27,35,43,46,22
 08,10,42,44,47,49,14
 08,09,11,17,45,47,24
 10,15,19,22,24,32,41
 11,19,32,33,43,44,03
 03,13,17,20,21,30,23
 07,14,21,32,43,44,31
 05,13,19,30,32,43,06
 03,19,22,40,41,44,35
 05,11,24,26,34,41,02
 17,18,32,35,39,48,08
 04,08,18,26,32,34,10
 08,14,25,36,38,47,15
 06,09,20,24,35,36,39
 09,24,28,30,31,40,49
 10,18,25,28,37,43,14
 05,06,26,41,42,44,11
 01,07,15,23,27,34,26
 09,18,20,21,39,48,06
 05,17,20,31,33,34,26
 08,11,25,33,37,43,30
 06,12,28,31,39,44,42
 08,09,27,34,43,48,25
 17,21,24,25,46,49,22
 10,20,24,36,37,44,01
 04,07,12,13,16,29,22
 07,15,20,28,40,48,04
 02,13,20,36,37,40,34
 06,12,30,39,45,46,11
 12,19,27,39,42,47,04
 10,13,20,25,27,32,01
 06,08,14,19,20,44,41
 07,18,34,37,39,42,21
 15,16,23,27,32,44,17
 01,03,11,12,20,24,38
 16,20,28,29,41,45,12
 02,16,28,34,41,42,38
 02,06,20,24,29,32,21
 11,19,31,32,36,45,41
 10,17,26,29,36,37,16
 01,09,10,12,23,40,08
 07,28,34,43,46,48,20
 05,07,13,24,35,40,16
 09,23,25,33,38,44,29
 01,14,16,30,34,42,09
 04,06,08,19,23,29,38
 02,14,19,26,34,48,11
 08,22,31,32,42,45,20
 23,27,30,37,38,42,28
 10,25,30,38,44,46,17
 12,19,30,34,37,41,01
 19,29,32,33,43,47,46
 06,23,24,25,30,49,39
 08,09,10,20,39,40,36
 10,31,34,39,43,44,17
 04,05,06,18,36,49,13
 02,21,23,24,27,38,33
 08,38,39,40,43,44,03
 01,03,06,19,21,26,14
 05,20,26,31,32,40,36
 08,33,38,40,48,49,06
 18,26,28,30,38,46,25
 09,12,29,33,44,47,45
 02,14,26,30,44,45,40
 02,14,17,22,38,44,35
 03,14,15,17,19,47,05
 06,14,35,45,46,49,16
 06,08,21,25,30,45,42
 02,09,15,17,40,48,23
 11,21,25,27,30,35,40
 01,06,13,18,20,49,30
 15,23,24,27,43,48,12
 01,09,32,34,38,49,03
 04,05,09,13,29,47,36
 01,10,14,30,36,43,20
 14,20,22,29,33,37,45
 11,16,18,22,23,31,37
 04,06,18,21,35,38,31
 18,19,25,36,38,40,42
 26,29,31,32,39,46,33
 04,07,11,15,28,47,39
 11,15,20,27,33,40,14
 03,13,29,31,36,45,44
 01,02,03,08,30,37,19
 01,09,13,18,27,45,29
 02,25,31,37,41,45,06
 07,11,14,22,37,38,36
 11,16,19,24,33,47,39
 24,34,37,38,41,49,15
 13,28,32,38,40,47,27
 09,15,22,43,46,48,21
 12,18,39,43,45,49,33
 07,15,16,24,25,46,37
 11,18,24,31,34,49,48
 07,25,31,35,39,45,08
 12,14,19,33,35,48,40
 12,14,24,33,45,48,31
 12,16,35,37,38,47,26
 07,11,19,24,32,39,29
 07,15,23,35,39,44,48
 03,15,22,29,35,49,20
 04,11,30,31,44,47,21
 04,12,30,33,43,48,35
 01,25,27,33,38,45,04
 06,29,30,38,39,45,22
 09,18,27,30,32,48,46
 01,03,16,33,46,47,35
 02,17,20,23,28,43,16
 02,25,33,40,44,47,17
 10,11,24,35,40,44,33
 12,20,23,26,33,46,01
 30,35,41,44,46,49,33
 07,24,35,41,42,47,12
 02,19,37,38,44,49,33
 09,19,30,32,34,44,18
 10,16,23,24,28,45,46
 22,23,26,34,37,44,08
 02,25,34,35,36,39,26
 06,25,31,32,42,43,38
 11,22,27,34,39,42,36
 01,03,15,26,45,46,48
 01,05,08,31,37,38,15
 02,04,12,21,36,37,46
 03,12,30,33,40,49,22
 07,14,20,24,38,48,17
 04,09,12,13,22,32,08
 01,03,12,28,29,41,42
 08,10,24,30,40,44,17
 10,14,31,35,40,45,26
 03,10,23,27,30,32,19
 07,09,12,17,20,32,30
 02,05,33,37,40,45,22
 02,15,16,17,25,26,44
 01,16,33,36,38,45,48
 04,12,15,39,45,47,22
 10,11,28,29,31,39,24
 13,17,22,41,43,47,28
 10,13,24,31,36,47,41
 12,23,28,34,36,40,18
 10,14,15,23,24,27,39
 06,16,23,34,35,40,37
 05,06,16,17,19,22,40
 01,07,16,18,38,47,10
 09,24,26,36,37,42,25
 02,16,17,23,37,38,06
 05,08,39,41,46,49,13
 17,21,26,29,34,39,37
 03,12,23,34,38,39,11
 11,16,25,31,32,33,23
 06,10,13,19,27,47,25
 02,19,28,37,46,47,38
 07,19,28,30,33,37,29
 03,06,20,42,43,48,30
 04,12,20,23,31,33,16
 06,09,11,21,27,43,17
 13,19,28,31,41,44,06
 18,23,28,34,35,47,11
 02,05,09,16,27,43,28
 02,08,17,29,33,44,11
 04,09,20,23,38,45,47
 01,13,14,23,31,47,09
 06,09,13,14,26,38,22
 08,14,15,18,24,44,31
 04,06,11,19,32,36,23
 07,22,31,37,38,40,30
 06,10,19,30,34,41,26
 01,06,20,28,31,45,26
 10,14,19,43,46,49,02
 12,15,27,32,40,44,35
 04,10,24,28,40,47,25
 06,16,18,32,35,45,46
 07,25,30,34,38,39,28
 04,22,23,26,42,47,05
 14,20,25,32,47,49,34
 03,04,24,25,35,43,07
 06,07,11,23,32,44,34
 11,12,21,31,36,40,22
 13,21,24,38,40,41,09
 04,11,16,29,34,35,13
 03,31,32,37,38,47,20
 05,22,34,38,43,46,09
 11,24,33,34,37,45,43
 06,31,35,36,43,46,33
 10,14,32,35,36,43,37
 01,03,35,37,39,48,26
 26,35,38,39,44,46,01
 29,30,33,37,45,48,15
 02,28,29,40,43,47,30
 13,16,43,45,47,48,36
 16,23,31,33,38,41,20
 01,02,07,35,39,44,14
 04,12,21,27,41,49,40
 21,30,35,38,41,46,26
 06,11,19,23,25,28,35
 11,16,22,39,42,48,38
 08,10,27,38,40,46,03
 06,09,32,34,42,48,04
 01,10,24,33,37,46,04
 04,22,24,25,40,43,06
 04,07,23,24,26,38,03
 01,14,15,35,44,47,34
 02,05,20,24,28,39,21
 03,08,19,35,36,48,21
 01,11,14,19,38,44,45
 21,23,33,34,43,45,40
 06,08,21,36,38,46,33
 07,11,18,21,25,44,28
 01,10,11,15,21,48,07
 06,30,35,42,44,45,33
 10,18,29,37,38,46,04
 02,03,30,31,41,45,23
 05,06,24,36,38,48,15
 15,16,19,27,29,42,24
 04,09,14,28,36,39,06
 26,31,35,43,48,49,38
 01,03,07,19,29,44,25
 02,23,28,31,46,48,42
 09,12,19,22,26,34,44
 18,23,30,46,47,49,31
 02,03,07,10,40,48,37
 03,11,19,25,29,30,16
 11,18,20,23,28,32,15
 15,22,23,27,32,37,43
 06,18,20,33,36,40,10
 05,08,15,16,22,39,31
 07,12,25,28,30,40,37
 07,12,37,42,46,49,09
 06,18,22,32,36,46,24
 11,13,19,26,28,47,08
 04,08,10,12,15,30,34
 03,05,06,08,16,45,01
 11,17,18,20,39,47,43
 01,05,11,32,43,46,38
 06,07,12,16,19,42,18
 04,06,12,17,18,19,37
 03,06,14,19,32,41,35
 21,38,40,46,47,49,48
 10,30,31,32,39,42,25
 05,07,17,21,27,48,37
 06,14,21,28,41,43,30
 07,09,10,40,41,44,14
 04,16,17,43,46,48,05
 10,12,16,17,31,47,21
 03,10,14,17,19,27,49
 13,18,32,34,39,41,02
 05,22,25,30,31,33,07
 02,05,14,23,27,48,38
 16,26,33,36,39,47,43
 02,21,23,24,25,35,38
 29,32,39,46,47,49,24
 06,07,12,13,18,29,25
 04,09,16,35,43,44,27
 05,09,27,37,43,46,28
 07,10,11,26,31,33,39
 16,23,25,31,35,47,48
 28,36,37,38,42,47,23
 08,10,22,46,47,49,32
 01,12,16,33,34,44,37
 07,09,15,20,29,34,06
 02,06,23,31,33,36,20
 07,10,21,28,29,39,02
 02,10,18,19,28,35,26
 08,10,23,34,36,46,02
 03,22,25,31,35,37,48
 10,15,17,27,44,47,14
 04,09,13,22,25,32,03
 04,08,10,15,25,39,49
 09,18,27,29,33,43,48
 11,25,27,31,40,41,12
 03,19,23,29,33,34,10
 08,15,26,29,38,46,12
 09,13,19,21,30,45,37
 03,14,28,37,38,49,33
 01,03,08,33,39,43,49
 18,20,26,30,43,49,36
 06,16,21,28,37,44,15
 05,11,15,18,23,33,38
 09,14,27,30,32,49,03
 02,04,16,21,29,46,05
 08,10,17,22,36,38,34
 03,05,07,10,14,20,16
 03,05,19,27,39,49,15
 06,14,15,17,27,47,29
 01,08,20,22,36,48,11
 12,15,16,17,42,48,45
 06,08,13,34,38,45,17
 01,09,18,24,38,44,26
 01,15,22,38,39,48,25
 04,07,19,22,24,46,47
 03,04,09,29,31,36,41
 12,26,27,32,46,49,42
 03,14,30,32,46,49,10
 08,25,26,37,38,48,24
 12,17,26,32,33,46,04
 03,15,23,42,45,48,46
 01,15,21,37,41,42,43
 05,07,15,26,35,40,45
 04,06,08,41,43,44,28
 11,17,28,36,42,44,37
 02,14,19,25,32,49,31
 02,17,18,23,30,40,43
 08,11,18,30,33,43,34
 04,06,20,24,41,42,38
 17,21,25,37,38,45,05
 03,18,21,23,36,49,47
 08,10,12,34,46,48,20
 11,20,24,28,35,48,33
 17,23,27,34,36,37,12
 03,07,09,12,43,44,45
 14,22,26,29,33,46,10
 08,11,14,24,26,49,45
 01,02,05,27,38,49,41
 04,14,18,24,27,40,33
 08,09,26,29,38,47,44
 01,12,24,31,33,47,07
 07,13,17,22,39,44,18
 07,20,24,31,33,40,49
 15,23,24,36,43,49,11
 03,08,11,25,46,47,30
 03,12,22,31,44,46,45
 03,16,28,29,41,46,06
 05,09,12,25,30,32,38
 10,18,25,32,35,36,02
 10,15,23,27,29,46,38
 03,07,09,15,40,43,11
 01,05,12,24,26,38,11
 09,25,30,36,44,48,02
 13,21,27,32,45,48,22
 13,17,25,29,45,49,28
 01,07,29,38,45,46,35
 01,02,15,17,24,44,22
 08,18,27,32,36,49,46
 08,32,33,37,43,47,45
 20,22,24,25,36,40,01
 01,07,13,15,38,43,47
 02,03,13,27,34,48,41
 03,09,17,23,29,40,44
 02,22,31,32,40,42,33
 05,23,26,27,47,49,48
 02,20,21,33,35,49,32
 02,17,23,38,40,49,10
 03,16,18,24,39,47,17
 07,19,32,37,40,44,47
 02,03,06,20,21,22,11
 01,08,10,17,32,47,02
 04,08,14,19,28,40,12
 11,26,28,32,41,42,44
 06,25,27,35,42,48,15
 01,15,23,34,37,40,45
 02,11,18,21,23,47,27
 04,31,33,38,41,46,22
 03,13,18,24,34,49,33
 02,08,11,32,35,41,04
 04,12,18,30,38,47,20
 09,10,18,25,28,48,34
 11,19,20,24,29,40,09
 26,28,38,39,41,46,25
 01,07,39,40,45,49,38
 04,07,23,26,27,35,28
 07,11,16,28,37,49,30
 04,25,26,30,37,45,46
 04,08,30,37,39,43,31
 07,09,17,22,38,49,47
 02,08,12,30,35,47,39
 07,11,12,17,23,39,42
 05,11,19,25,29,49,12
 13,24,25,31,32,44,43
 02,09,11,23,24,42,27
 05,09,12,14,18,38,35
 01,02,07,17,31,49,41
 06,08,15,23,26,41,49
 03,11,15,41,42,48,26
 03,25,36,37,41,45,09
 01,02,05,15,41,45,24
 11,13,21,26,43,46,38
 02,12,24,29,30,33,41
 01,11,18,19,22,32,41
 10,12,14,28,31,38,27
 06,15,18,29,35,40,49
 09,11,14,26,28,39,27
 24,26,27,28,34,40,09
 18,25,28,36,40,45,43
 03,15,23,25,28,33,29
 01,02,09,27,28,32,25
 09,10,11,27,42,47,08
 07,19,27,33,39,43,09
 10,12,37,42,44,45,20
 03,20,26,27,30,43,45
 02,10,11,27,32,38,06
 05,27,34,44,46,48,49
 03,05,15,22,31,35,47
 12,21,23,25,44,49,20
 02,05,17,21,45,47,25
 13,35,38,40,42,47,34
 12,14,31,41,48,49,06
 01,07,23,29,38,48,02
 18,25,36,38,43,44,19
 28,34,38,39,46,47,21
 03,11,20,33,42,44,36
 01,15,23,31,35,39,14
 03,14,23,30,39,43,32
 12,13,21,23,33,36,14
 09,15,25,29,32,49,14
 17,18,28,40,44,46,29
 07,09,11,23,30,43,35
 02,14,19,25,26,33,18
 01,14,27,31,38,47,32
 02,10,16,17,20,27,39
 02,07,10,15,27,45,31
 02,09,26,28,33,46,21
 01,15,23,31,42,48,05
 01,17,18,23,33,41,42
 02,03,14,29,38,40,43
 08,13,15,26,39,42,33
 08,20,24,35,43,47,32
 11,15,31,35,36,42,10
 02,04,06,10,34,44,21
 03,13,16,23,41,42,21
 02,09,25,26,35,40,47
 06,07,14,19,22,27,09
 02,04,16,24,29,49,47
 12,15,28,34,36,40,01
 17,22,36,38,43,48,16
 03,07,09,10,12,37,46
 01,13,29,31,33,42,09
 01,12,18,26,29,36,02
 07,10,31,35,43,44,37
 09,22,37,41,43,47,14
 05,19,24,33,38,48,20
 01,02,24,36,37,38,31
 11,13,23,28,29,37,08
 01,06,10,25,31,45,08
 02,15,23,26,41,43,05
 12,25,31,39,46,47,01
 02,15,18,26,36,38,42
 16,22,23,28,33,37,17
 04,11,14,39,43,44,37
 06,28,30,34,41,45,12
 01,07,15,18,30,31,09
 09,21,27,36,42,48,13
 02,16,25,27,37,45,10
 01,05,10,13,25,32,48
 08,13,14,17,20,28,10
 11,32,38,42,46,49,26
 09,25,27,31,42,45,24
 13,17,32,35,42,45,20
 17,22,30,40,46,48,10
 04,12,15,31,32,47,14
 01,04,06,14,24,49,22
 05,12,24,35,36,38,34
 14,31,33,38,46,48,26
 20,27,28,31,33,41,38
 03,10,11,27,47,49,08
 07,14,25,32,36,38,44
 01,13,26,28,35,45,30
 08,13,18,21,23,29,30
 14,21,28,31,40,46,09
 05,06,11,29,36,41,47
 01,02,07,26,34,38,14
 17,35,36,43,46,49,07
 03,04,11,14,30,32,46
 04,17,22,29,38,48,20
 05,09,19,21,30,49,43
 01,08,36,39,47,49,37
 02,08,21,29,46,47,28
 05,11,19,23,24,47,17
 08,14,24,28,39,45,29
 22,27,33,42,46,47,32
 11,14,23,32,34,35,41
 03,06,08,27,36,45,47
 05,24,34,37,40,48,33
 01,04,06,09,32,38,46
 09,10,14,16,37,39,28
 02,04,25,32,33,45,31
 10,21,27,38,40,44,34
 01,08,09,14,24,35,33
 04,09,25,28,32,46,47
 11,17,30,35,39,45,47
 15,17,18,27,34,40,29
 03,04,07,23,34,43,15
 12,19,28,36,40,46,38
 08,12,17,35,38,49,25
 15,21,29,32,33,40,42
 12,14,29,31,32,44,46
 09,30,38,40,43,44,31
 07,20,21,22,40,44,04
 01,02,05,31,32,40,44
 20,31,32,35,43,45,05
 20,22,26,36,40,41,16
 10,14,22,30,38,43,25
 06,20,30,33,38,46,42
 01,07,22,25,31,47,20
 04,10,25,36,44,47,29
 08,20,27,28,36,41,30
 02,09,19,20,38,49,11
 05,10,17,29,41,43,45
 01,18,20,25,30,31,44
 03,05,06,20,45,49,31
 02,16,28,37,43,47,31
 03,06,12,19,44,45,20
 09,15,20,27,30,41,31
 04,11,21,27,28,34,16
 07,19,36,44,45,47,04
 08,18,23,26,35,45,03
 04,09,27,37,44,45,07
 03,05,13,22,24,43,23
 01,04,11,36,43,44,41
 06,10,18,22,41,45,29
 02,09,14,36,43,48,27
 12,17,27,28,38,40,06
 01,17,26,27,30,44,47
 04,14,19,23,25,48,42
 03,08,10,16,43,44,34
 10,31,33,40,42,44,20
 12,14,21,25,30,40,03
 18,19,21,30,34,44,06
 02,05,09,28,29,45,49
 03,19,24,25,36,48,17
 03,21,23,25,26,33,24
 05,08,21,38,39,49,34
 02,09,13,18,27,48,24
 02,08,16,21,29,37,22
 12,19,22,23,25,44,02
 12,19,28,31,34,43,40
 06,20,29,31,35,40,21
 08,10,16,17,24,40,13
 06,10,14,25,27,38,05
 08,12,17,23,34,43,36
 01,14,16,25,32,37,11
 03,06,09,19,37,48,25
 09,27,29,37,42,44,21
 06,22,35,42,45,49,16
 01,03,28,31,41,46,33
 05,10,17,25,40,43,08
 17,19,31,36,39,40,25
 24,33,42,43,44,47,17
 14,27,39,40,41,43,21
 13,16,17,29,40,48,32
 07,24,37,39,40,43,15
 03,04,05,16,22,25,12
 05,12,20,29,39,42,22
 07,12,20,24,28,43,45
 02,08,23,33,42,49,14
 02,34,36,38,44,46,40
 01,05,08,09,23,27,22
 09,11,19,36,39,41,13
 07,14,21,34,38,47,13
 05,14,23,29,38,45,47
 09,13,27,30,36,47,15
 09,25,28,29,31,35,37
 12,16,20,28,36,48,34
 01,24,28,31,35,47,09
 03,21,22,26,31,48,43
 04,11,16,18,35,43,39
 11,13,14,27,40,41,23
 08,10,20,27,31,39,30
 05,26,35,38,42,45,46
 12,24,33,34,42,47,44
 06,13,17,22,42,47,30
 04,05,12,25,26,49,48
 16,33,34,43,46,49,47
 01,05,16,18,37,42,24
 08,24,27,41,43,49,05
 07,23,32,35,43,48,25
 01,03,09,20,30,35,36
 10,13,31,34,39,48,33
 15,16,25,30,39,45,14
 06,09,25,45,47,48,14
 19,23,26,31,36,39,03
 07,08,12,30,35,41,47
 02,09,10,11,38,48,01
 05,13,15,18,32,44,41
 03,05,14,27,44,47,43
 08,11,14,18,33,44,34
 02,28,33,39,42,44,46
 03,23,36,38,41,45,44
 13,17,26,28,31,36,44
 02,13,19,21,32,45,09
 06,14,20,25,34,44,45
 05,10,11,12,41,42,02
 13,26,43,44,45,47,36
 04,17,27,34,35,46,07
 03,04,07,11,17,40,20
 13,18,25,44,46,47,34
 11,15,17,25,32,46,29
 24,35,36,37,39,45,20
 08,20,26,34,42,43,25
 04,12,13,33,40,46,41
 07,10,12,22,34,48,11
 06,25,26,33,34,47,49
 04,06,11,18,31,48,41
 09,28,29,31,40,48,23
 23,38,40,44,47,49,12
 01,04,06,14,17,38,09
 12,26,27,28,37,49,43
 05,07,14,18,30,43,28
 02,12,19,28,38,48,45
 14,16,29,30,37,45,07
 09,11,12,24,41,45,06
 02,05,07,24,35,44,30
 04,14,15,16,18,22,33
 04,11,14,15,28,42,06
 02,09,22,26,32,44,40
 16,17,38,41,42,43,28
 05,23,25,30,33,37,03
 21,29,31,32,34,48,25
 02,03,04,13,42,44,24
 06,32,39,42,43,45,36
 06,11,34,40,47,49,16
 07,08,23,28,35,49,10
 05,11,12,26,29,33,20
 15,16,19,26,35,46,07
 16,23,28,30,42,46,45
 04,07,18,33,45,48,01
 07,10,23,28,30,48,03
 06,14,18,27,44,48,01
 07,16,27,33,35,44,05
 02,06,17,19,21,47,05
 04,05,09,25,30,47,17
 10,22,28,30,36,37,45
 10,11,29,32,33,40,16
 05,10,19,24,34,46,28
 02,10,14,25,37,41,05
 02,12,20,22,41,45,47
 01,15,22,28,40,49,44
 16,18,21,27,38,41,26
 05,08,23,24,28,48,19
 11,25,28,33,34,47,48
 01,08,25,30,35,45,15
 28,34,41,45,46,49,11
 02,03,21,22,23,40,24
 01,04,20,31,41,43,38
 01,03,11,14,20,40,45
 05,07,08,25,44,48,03
 05,15,21,42,43,45,20
 27,30,33,38,40,48,02
 12,15,26,44,46,49,14
 01,21,29,31,32,40,27
 12,13,25,37,44,45,09
 15,16,17,28,32,46,22
 07,16,25,26,28,41,19
 05,14,17,35,43,48,22
 09,15,22,31,34,48,23
 08,18,20,33,36,38,46
 01,04,06,23,26,49,08
 14,17,22,24,42,47,34
 22,25,30,32,41,43,29
 04,17,41,42,44,49,24
 09,18,19,24,31,41,21
 02,13,22,27,29,46,36
 11,12,17,26,36,42,13
 05,08,10,18,31,33,28
 16,19,21,29,36,45,43
 15,18,29,35,38,48,05
 01,07,37,38,42,46,20
 04,16,25,26,31,43,21
 06,16,20,30,31,47,04
 07,17,23,32,38,42,48
 02,05,21,22,25,32,46
 09,17,32,36,42,44,16
 02,03,27,29,39,44,06
 03,05,09,13,14,38,30
 26,35,38,43,47,49,28
 11,17,21,29,30,40,31
 06,12,15,16,31,44,37
 03,05,14,22,30,44,10
,,,,,,
