Date,1st_number,2nd_number,3rd_number,4th_number,5th_number,6th_number
, 14,23,24,32,38,54
, 02,05,12,20,47,57
, 02,13,24,29,32,39
, 11,33,34,38,55,57
, 02,06,10,12,28,29
, 07,17,20,24,27,46
, 16,19,22,24,27,35
, 18,31,35,38,42,54
, 16,28,34,40,53,54
, 09,15,17,35,47,51
, 03,04,10,16,40,54
, 18,20,28,39,52,58
, 01,11,12,17,19,54
, 02,32,35,36,49,52
, 09,12,14,26,35,42
, 12,19,25,35,37,39
, 14,19,21,22,24,38
, 15,31,35,38,42,59
, 03,08,13,33,39,44
, 02,07,27,33,37,56
, 12,16,31,38,58,59
, 11,12,28,29,41,54
, 33,36,43,44,50,56
, 03,06,14,19,32,35
, 11,12,16,19,35,50
, 27,36,41,43,54,57
, 09,16,30,41,44,47
, 06,09,23,27,45,51
, 22,43,44,47,48,54
, 09,11,29,41,42,48
, 02,11,13,17,39,41
, 04,07,20,41,55,56
, 08,12,13,20,44,49
, 04,05,06,20,21,59
, 18,23,36,38,39,54
, 01,03,04,14,55,57
, 05,17,26,48,49,57
, 07,20,33,50,51,57
, 21,27,38,47,49,55
, 03,10,23,41,53,57
, 13,32,33,37,38,50
, 03,06,15,25,29,41
, 02,03,29,45,48,52
, 04,10,25,29,49,53
, 04,17,30,34,39,43
, 09,23,37,42,53,57
, 03,06,10,18,52,59
, 07,15,30,36,45,48
, 02,25,40,42,48,59
, 10,11,22,42,49,56
, 06,19,20,26,28,45
, 12,16,21,33,52,58
, 03,25,27,33,40,45
, 03,17,23,29,31,34
, 09,19,22,41,55,58
, 02,07,32,44,45,49
, 22,27,37,38,49,51
, 08,09,13,19,26,48
, 11,18,24,37,47,59
, 01,08,42,46,50,58
, 07,11,19,25,29,31
, 08,27,34,36,37,56
, 05,09,18,32,44,58
, 03,07,13,15,21,52
, 01,09,25,29,34,39
, 13,40,41,42,51,59
, 03,07,10,23,24,41
, 01,09,13,21,33,58
, 06,11,16,21,43,50
, 01,08,16,22,25,56
, 06,28,30,40,53,58
, 06,07,25,31,35,43
, 09,13,22,45,46,48
, 11,17,25,47,52,53
, 12,13,14,34,50,51
, 04,13,34,38,43,52
, 02,07,16,31,54,59
, 13,16,21,22,44,53
, 02,15,18,25,57,58
, 08,14,18,53,56,59
, 05,26,29,43,52,54
, 11,26,28,31,35,39
, 17,26,31,33,45,48
, 09,19,24,31,39,56
, 10,12,14,17,20,29
, 03,32,38,41,46,48
, 15,16,19,37,49,51
, 01,03,22,27,42,48
, 07,15,41,43,45,50
, 08,10,14,25,29,35
, 11,16,18,35,44,45
, 24,26,28,34,35,37
, 14,15,17,33,53,55
, 07,11,32,37,48,58
, 02,20,34,40,48,59
, 12,21,39,44,45,50
, 03,04,11,20,36,56
, 25,27,32,50,54,58
, 05,19,28,39,41,42
, 09,11,32,36,45,54
, 04,19,24,29,43,53
, 01,02,17,33,40,51
, 08,19,25,28,29,50
, 05,10,11,22,27,54
, 18,20,22,34,47,58
, 06,22,27,46,49,57
, 07,14,20,29,38,49
, 10,24,28,30,44,48
, 08,22,27,44,46,48
, 01,05,15,25,45,53
, 02,23,38,43,53,54
, 01,05,19,27,38,59
, 15,26,29,37,49,53
, 02,23,24,29,33,36
, 17,29,31,40,47,56
, 04,08,11,46,50,53
, 04,12,23,30,50,56
, 10,28,31,34,43,48
, 15,27,33,44,46,59
, 02,03,06,22,43,55
, 02,04,11,23,26,33
, 19,31,35,38,42,49
, 05,09,31,34,46,48
, 09,14,26,49,55,56
, 03,11,22,23,32,47
, 06,07,16,33,40,55
, 12,26,28,34,41,42
, 01,07,12,17,46,53
, 20,37,39,52,54,57
, 09,15,36,37,42,43
, 25,28,37,38,42,50
, 16,20,33,41,47,59
, 14,15,26,37,43,54
, 06,07,08,20,34,48
, 04,27,28,31,51,57
, 03,08,15,18,23,25
, 10,16,20,22,47,52
, 03,08,37,42,53,55
, 01,08,14,20,24,40
, 08,10,11,20,31,44
, 12,34,37,41,55,58
, 09,18,34,37,42,52
, 07,17,22,24,31,59
, 07,10,23,29,31,42
, 15,20,39,43,49,59
, 03,12,22,38,53,54
, 09,11,46,49,53,55
, 11,19,20,25,48,59
, 12,13,41,42,45,50
, 13,16,23,32,37,57
, 02,07,17,28,31,37
, 08,10,32,43,51,59
, 14,17,21,24,25,39
, 10,16,24,29,34,48
, 05,22,28,38,50,58
, 05,10,21,23,35,49
, 08,20,21,33,37,56
, 10,12,19,27,29,50
, 11,14,20,35,41,46
, 12,30,34,39,41,47
, 10,11,37,45,46,58
, 03,30,44,50,52,57
, 06,15,18,23,24,59
, 10,15,16,38,44,47
, 01,12,20,22,24,35
, 31,32,33,40,56,59
, 17,18,22,36,39,53
, 01,03,04,07,08,15
, 11,13,28,32,46,47
, 02,16,21,23,47,56
, 13,29,36,39,44,56
, 03,04,12,35,55,56
, 04,13,15,20,22,59
, 19,24,28,33,41,54
, 05,14,22,37,42,49
, 03,04,10,13,14,36
, 07,24,34,36,44,51
, 01,02,04,09,50,51
, 02,13,32,42,54,58
, 09,15,22,45,52,57
, 03,23,33,36,54,55
, 12,28,33,37,42,49
, 12,31,35,41,44,56
, 19,26,27,29,53,57
, 08,22,29,31,35,51
, 07,22,25,47,54,58
, 03,13,17,21,35,58
, 12,16,29,39,45,51
, 04,12,19,20,24,42
, 04,18,29,30,39,52
, 03,07,13,40,43,47
, 10,24,27,32,42,52
, 11,13,30,40,43,44
, 05,27,33,37,42,58
, 13,22,39,46,54,59
, 02,12,24,37,39,43
, 01,19,27,28,41,50
, 05,29,41,49,57,59
, 06,16,24,30,33,44
, 05,28,36,39,48,49
, 22,31,32,45,50,53
, 11,13,15,23,34,39
, 09,35,49,52,53,58
, 10,20,34,42,50,56
, 03,05,37,46,47,57
, 13,26,28,33,42,53
, 02,05,23,27,31,58
, 16,28,29,31,53,59
, 05,08,20,23,30,50
, 04,07,19,23,50,58
, 07,09,14,21,30,57
, 11,23,26,36,37,44
, 09,33,37,39,47,54
, 04,19,22,46,54,56
, 06,07,11,33,45,57
, 01,04,09,32,42,58
, 27,34,47,56,57,58
, 05,19,27,31,48,57
, 01,08,14,46,49,59
, 05,19,34,38,53,54
, 15,22,38,39,49,56
, 16,39,41,44,49,50
, 14,17,19,23,34,51
, 09,21,33,37,45,51
, 11,13,14,16,19,38
, 13,17,20,47,49,50
, 01,03,05,17,50,52
, 05,16,29,42,43,58
, 05,17,20,30,39,49
, 01,18,27,30,39,53
, 04,11,22,37,44,48
, 01,05,29,31,44,58
, 02,13,27,31,38,41
, 04,18,40,41,44,46
, 07,15,26,37,39,58
, 07,13,20,21,46,53
, 11,33,42,56,58,59
, 02,13,18,45,50,59
, 11,13,18,25,36,55
, 20,21,24,26,39,47
, 06,08,12,26,32,46
, 23,31,36,48,51,54
, 01,04,09,40,44,58
, 03,15,20,48,57,58
, 14,15,18,22,39,50
, 06,13,28,34,37,45
, 11,22,25,28,45,55
, 25,38,45,46,55,57
, 02,06,07,29,31,42
, 03,20,27,34,42,58
, 09,25,42,43,46,52
, 13,16,21,30,49,54
, 07,10,20,24,30,38
, 10,14,25,32,35,39
, 03,05,06,09,35,59
, 20,26,30,37,45,48
, 15,22,42,49,50,54
, 06,21,24,40,47,52
, 14,15,31,41,44,45
, 05,25,28,29,53,58
, 07,16,17,19,33,57
, 01,11,14,37,38,39
, 02,10,13,34,41,54
, 12,14,17,32,33,36
, 02,12,19,32,54,58
, 12,13,19,39,42,59
, 06,12,15,24,40,48
, 09,25,36,41,44,54
, 09,23,33,43,48,53
, 03,17,21,26,46,59
, 13,23,25,31,43,52
, 21,36,40,46,48,54
, 11,14,36,39,42,59
, 03,26,37,38,41,53
, 20,21,32,34,52,59
, 11,23,25,38,53,58
, 09,19,41,46,52,59
, 01,04,06,30,32,38
, 05,16,24,34,44,57
, 30,31,37,45,49,56
, 12,25,37,48,51,57
, 18,20,38,40,42,51
, 12,15,21,24,39,50
, 21,34,37,39,44,51
, 03,05,06,15,41,45
, 06,10,29,50,55,57
, 15,19,26,41,51,57
, 10,22,35,38,56,57
, 07,10,24,31,48,56
, 05,08,24,47,50,53
, 02,04,06,35,55,58
, 01,07,10,30,40,53
, 10,11,18,29,44,59
, 03,17,23,24,30,49
, 22,24,27,30,52,57
, 11,12,14,17,44,58
, 13,18,27,35,46,53
, 03,14,15,46,52,53
, 20,24,33,34,50,51
, 14,20,23,28,33,54
, 07,13,21,23,39,44
, 03,10,26,38,41,47
, 10,21,29,33,42,51
, 43,48,49,52,55,58
, 05,08,33,37,47,52
, 04,22,26,27,33,37
, 33,34,44,50,56,57
, 21,27,31,50,53,59
, 09,16,26,28,47,58
, 12,16,17,43,53,57
, 08,24,36,39,46,56
, 06,22,29,48,50,59
, 04,12,35,41,47,50
, 05,26,36,53,57,58
, 01,20,25,35,46,59
, 03,13,41,50,56,57
, 13,14,25,31,37,39
, 08,21,37,39,56,59
, 21,28,33,36,43,46
, 03,05,21,28,56,57
, 14,29,31,41,43,56
, 03,17,28,42,52,57
, 15,24,26,30,42,59
, 06,13,14,20,45,52
, 12,23,27,45,51,54
, 02,15,17,28,30,45
, 06,13,14,15,31,33
, 12,30,31,34,52,58
, 08,24,25,32,33,46
, 04,07,08,37,42,50
, 01,15,16,17,24,48
, 04,11,17,19,39,42
, 05,16,17,32,51,59
, 13,24,34,35,49,55
, 13,14,16,28,43,52
, 10,11,18,20,37,49
, 03,07,21,29,34,39
, 06,31,39,47,48,58
, 07,18,47,51,56,59
, 08,20,22,39,47,48
, 04,13,21,27,28,37
, 23,27,29,37,43,47
, 04,18,21,24,37,58
, 04,08,12,15,38,56
, 06,09,30,48,51,52
, 01,09,16,27,30,51
, 32,35,36,37,40,51
, 15,17,27,40,45,52
, 13,15,31,32,36,56
, 13,21,33,40,44,52
, 19,32,44,45,52,53
, 20,24,25,27,34,37
, 02,13,38,42,52,54
, 03,04,13,14,38,56
, 01,14,21,36,39,41
, 03,19,28,33,41,43
, 18,24,34,49,50,57
, 07,15,30,39,52,59
, 17,18,27,28,35,57
, 04,10,27,30,48,50
, 01,02,15,19,39,43
, 13,32,36,37,39,46
, 10,15,22,41,51,57
, 03,16,27,34,36,46
, 11,12,13,19,43,58
, 23,26,34,36,44,59
, 06,07,17,28,34,37
, 05,17,20,37,45,51
, 03,25,33,35,48,56
, 12,27,29,35,36,41
, 09,19,22,33,47,54
, 02,03,07,20,40,52
, 01,12,27,29,31,47
, 12,27,34,38,40,41
, 14,24,37,39,41,53
, 04,14,15,33,50,53
, 12,18,21,38,44,54
, 06,22,28,36,48,53
, 09,11,16,27,36,52
, 09,15,24,34,43,49
, 03,06,33,39,46,57
, 01,15,17,33,53,59
, 01,10,16,36,46,55
, 28,33,36,45,49,51
, 09,20,41,43,46,48
, 18,36,50,53,57,58
, 06,19,27,32,39,57
, 10,17,23,40,51,52
, 10,12,23,31,37,46
, 08,27,34,40,55,56
, 07,10,31,32,34,40
, 01,04,27,48,57,59
, 16,24,29,30,32,38
, 04,06,14,32,34,39
, 07,08,18,21,23,57
, 06,12,20,48,52,57
, 20,25,26,48,49,50
, 12,38,40,51,57,58
, 02,08,28,32,40,45
, 04,06,13,49,56,58
, 03,05,18,22,26,49
, 02,03,23,27,40,50
, 12,15,24,34,36,51
, 07,16,26,28,36,58
, 06,08,11,17,29,44
, 01,05,09,21,26,42
, 16,17,29,47,52,56
, 02,03,08,23,40,54
, 04,33,36,39,45,49
, 01,09,16,17,18,34
, 03,16,18,24,36,56
, 05,06,08,20,26,39
, 15,16,37,42,44,50
, 01,15,29,33,42,49
, 27,28,32,39,46,52
, 04,09,17,21,26,46
, 04,28,31,36,51,55
, 22,30,34,35,45,50
, 01,06,25,45,49,52
, 03,05,07,13,25,57
, 03,15,38,45,48,53
, 01,08,12,16,18,42
, 09,21,23,30,35,38
, 02,08,36,51,52,54
, 06,08,09,36,39,57
, 11,17,21,24,37,49
, 26,43,44,46,52,55
, 20,42,48,51,52,54
, 04,10,14,21,27,28
, 02,28,30,36,38,43
, 13,38,39,49,53,56
, 07,08,10,14,28,33
, 13,38,47,51,52,59
, 16,22,26,38,39,47
, 09,27,35,45,46,57
, 11,18,30,33,44,55
, 23,32,37,49,54,57
, 18,26,27,28,41,54
, 25,37,39,44,50,56
, 06,36,46,49,50,59
, 03,33,45,50,52,56
, 10,20,28,32,35,50
, 01,06,16,34,49,59
, 11,18,27,38,47,59
, 13,18,19,47,53,57
, 09,12,27,28,29,44
, 26,32,38,41,49,51
, 09,12,28,31,46,50
, 11,21,36,45,49,56
, 12,18,37,52,56,58
, 01,04,13,24,27,47
, 10,25,34,41,46,55
, 01,19,35,38,54,55
, 08,17,28,35,47,51
, 09,13,39,49,52,53
, 16,20,29,33,47,49
, 05,23,36,37,42,52
, 11,13,33,48,50,56
, 03,11,28,36,38,47
, 11,15,45,54,55,58
, 05,10,21,47,51,57
, 04,08,24,27,31,39
, 19,23,24,28,37,51
, 21,22,32,36,45,50
, 10,14,16,22,25,34
, 06,08,27,31,37,51
, 02,40,49,53,56,58
, 01,28,42,43,51,58
, 04,10,13,24,53,56
, 01,24,39,46,49,52
, 10,13,14,18,33,34
, 02,07,11,23,37,45
, 01,20,24,32,33,42
, 09,27,29,37,44,53
, 09,10,14,17,32,58
, 05,18,22,31,50,59
, 32,33,34,48,52,57
, 01,08,24,27,29,55
, 02,15,19,33,37,43
, 01,08,33,50,52,57
, 07,21,26,30,40,48
, 02,09,33,39,48,54
, 10,12,19,21,35,51
, 20,26,50,51,55,57
, 03,06,12,17,35,40
, 01,02,05,11,14,33
, 02,06,08,32,33,35
, 04,07,19,23,34,38
, 15,37,38,42,45,59
, 07,24,26,37,40,57
, 04,20,21,44,48,52
, 14,16,19,31,38,47
, 07,18,21,26,42,50
, 23,29,32,48,49,51
, 14,18,23,39,44,52
, 16,17,32,36,40,47
, 03,09,21,25,28,59
, 03,08,18,47,50,59
, 03,06,31,43,46,53
, 25,37,38,43,54,57
, 20,28,30,31,44,55
, 01,04,19,20,41,45
, 04,22,28,39,45,49
, 04,16,17,22,27,52
, 08,14,27,33,46,49
, 11,24,25,39,53,57
, 12,26,29,34,56,58
, 03,07,11,19,27,52
, 07,22,30,38,42,47
, 10,39,45,46,52,54
, 05,29,35,36,40,44
, 04,07,14,19,50,56
, 25,32,34,52,55,58
, 19,20,27,49,52,57
, 21,23,25,27,36,47
, 07,18,21,27,28,48
, 10,11,33,41,45,54
, 02,03,05,27,51,54
, 08,35,42,43,54,59
, 20,31,39,42,43,48
, 07,42,44,47,58,59
, 07,23,40,42,47,59
, 18,30,33,39,54,55
, 19,23,25,29,30,36
, 14,29,35,41,42,55
, 15,25,50,52,54,55
, 27,28,46,51,55,57
, 02,23,42,47,50,59
, 03,13,14,34,50,51
, 13,20,30,38,50,55
, 01,02,12,23,41,55
, 05,10,11,45,54,58
, 12,27,33,36,42,45
, 13,15,36,44,50,56
, 02,21,23,32,44,49
, 07,14,16,33,35,47
, 06,20,27,34,35,57
, 09,13,21,25,28,31
, 08,16,24,36,40,57
, 07,16,22,39,48,55
, 23,25,28,38,47,58
, 08,17,31,47,49,52
, 02,10,25,51,56,59
, 01,02,07,09,44,55
, 02,11,16,46,51,58
, 17,22,25,27,32,35
, 13,16,28,34,41,56
, 02,08,19,41,51,56
, 16,23,26,38,56,59
, 05,29,30,39,53,58
, 08,15,17,31,33,52
, 04,05,18,29,40,47
, 23,27,30,36,40,42
, 14,22,40,44,55,58
, 04,08,12,13,32,34
, 13,15,20,37,42,47
, 02,19,21,23,29,42
, 03,04,16,39,43,52
, 18,23,32,33,34,41
, 01,25,28,34,39,57
, 06,10,14,19,26,43
, 04,09,26,35,38,53
, 03,13,27,30,32,37
, 11,13,32,40,45,49
, 05,10,16,26,41,58
, 01,40,41,49,52,57
, 27,36,39,45,46,55
, 11,14,26,51,53,58
, 06,09,10,41,46,58
, 14,16,24,28,30,53
, 05,08,09,17,23,29
, 07,11,36,44,52,58
, 08,30,34,44,45,57
, 09,18,20,42,43,46
, 14,19,30,45,48,58
, 02,04,17,28,37,45
, 14,18,23,28,36,37
, 05,08,40,41,43,45
, 18,25,29,32,35,58
, 04,10,11,17,53,54
, 24,30,44,50,56,57
, 10,20,27,29,38,52
, 11,32,43,44,47,52
, 05,07,09,24,32,44
, 06,09,17,32,44,57
, 22,26,31,39,47,55
, 07,40,42,47,52,54
, 06,16,34,36,37,53
, 12,13,22,37,42,55
, 11,20,23,32,33,56
, 08,26,36,39,40,47
, 03,15,27,32,46,53
, 05,09,26,35,43,54
, 07,27,31,36,37,50
, 07,22,23,26,31,54
, 08,11,18,39,44,50
, 13,14,19,45,49,55
, 16,19,31,35,45,56
, 16,17,35,39,40,55
, 10,12,23,29,35,57
, 01,07,26,34,52,53
, 22,29,35,41,43,51
, 07,08,11,17,34,54
, 08,23,28,42,43,51
, 04,10,15,24,37,38
, 20,22,36,42,48,49
, 05,08,22,33,36,43
, 05,09,17,26,35,52
, 03,27,35,45,54,55
, 13,18,25,35,39,50
, 06,26,30,50,52,59
, 02,19,35,53,56,58
, 06,26,32,37,42,59
, 01,11,29,40,46,48
, 22,27,35,40,46,52
, 02,12,15,43,46,53
, 04,08,16,19,33,45
, 19,20,22,31,51,54
, 06,09,38,40,42,48
, 03,11,17,33,41,51
, 11,15,18,43,46,51
, 04,08,26,31,42,45
, 25,27,31,36,38,47
, 03,16,24,41,44,53
, 01,06,41,53,55,59
, 07,22,31,43,47,58
, 29,40,42,47,51,56
, 05,27,30,41,45,58
, 11,15,17,22,31,52
, 01,12,44,48,54,55
, 13,29,32,43,49,55
, 03,17,36,42,51,57
, 18,25,27,28,32,47
, 08,09,10,35,40,53
, 26,31,38,40,45,57
, 07,14,35,45,54,58
, 04,15,17,24,32,56
, 12,24,33,34,39,56
, 05,26,34,35,43,49
, 03,22,31,46,51,59
, 06,23,36,38,43,48
, 01,06,13,23,45,56
, 05,08,09,12,31,49
, 36,39,45,46,48,52
, 15,27,30,32,42,43
, 24,31,35,42,46,53
, 04,05,09,12,17,42
, 04,11,20,45,48,53
, 07,12,17,38,42,44
, 04,05,09,40,46,59
, 16,31,41,45,47,52
, 05,14,20,24,28,45
, 01,06,25,26,31,39
, 09,22,32,40,51,59
, 12,18,40,42,46,59
, 01,05,06,20,51,54
, 19,26,40,52,56,58
, 10,49,50,53,54,56
, 23,26,30,32,37,39
, 03,05,11,25,27,45
, 17,36,40,44,54,58
, 03,08,37,39,47,59
, 05,16,18,20,25,55
, 07,20,25,26,34,40
, 25,42,48,50,55,58
, 11,12,13,14,54,56
, 07,19,33,34,52,53
, 12,18,22,23,48,59
, 03,21,22,38,46,55
, 19,23,30,50,51,54
, 09,22,33,39,41,56
, 15,20,21,25,34,47
, 01,02,06,12,13,55
, 03,28,34,41,48,58
, 01,03,10,18,19,37
, 08,19,20,27,31,34
, 05,17,23,25,34,51
, 15,17,18,34,46,54
, 11,29,31,32,38,45
, 05,19,20,23,30,43
, 09,13,16,25,40,46
, 22,34,44,49,51,53
, 04,08,13,26,41,55
, 08,11,17,25,33,46
, 17,18,29,48,52,54
, 08,13,22,46,52,58
, 06,28,32,45,46,49
, 04,41,45,54,57,58
, 01,10,15,25,31,47
, 15,22,26,35,41,43
, 10,18,36,37,41,46
, 05,15,22,33,38,45
, 03,17,20,55,56,58
, 12,22,31,35,42,58
, 04,32,38,43,51,58
, 04,05,08,26,32,39
, 09,14,19,29,39,40
, 01,15,17,32,36,45
, 01,03,34,36,48,52
, 04,22,26,32,48,54
, 01,15,21,30,35,44
, 18,21,25,30,56,59
, 02,09,14,49,52,56
, 04,08,10,26,38,48
, 03,11,37,38,43,44
, 05,14,18,40,41,50
, 02,08,09,12,20,57
, 04,11,21,39,41,59
, 10,40,42,46,47,48
, 21,25,32,52,56,59
, 01,04,31,33,52,55
, 01,09,15,26,38,43
, 06,08,20,26,35,36
, 02,06,07,15,52,54
, 03,11,16,36,43,59
, 02,35,44,51,54,55
, 07,08,13,24,45,46
, 07,19,38,45,47,53
, 03,07,36,42,53,59
, 08,10,22,37,55,57
, 15,19,20,29,42,50
, 09,10,27,30,33,45
, 02,11,35,40,48,55
, 14,25,29,30,35,53
, 05,08,09,10,38,53
, 02,08,33,46,48,50
, 03,12,15,29,51,58
, 05,19,29,34,40,45
, 08,26,27,29,49,58
, 05,19,21,42,44,57
, 29,33,43,45,49,56
, 01,22,39,44,48,59
, 02,10,19,28,29,31
, 30,33,37,43,55,56
, 06,07,09,18,35,46
, 06,11,27,29,40,55
, 18,28,31,32,44,51
, 11,19,20,30,35,49
, 33,37,42,47,55,58
, 18,36,48,57,58,59
, 20,32,36,44,47,56
, 10,20,28,38,41,46
, 22,25,35,45,46,57
, 06,14,23,24,43,58
, 02,32,37,39,46,54
, 03,19,24,31,50,52
, 04,09,13,32,46,50
, 20,32,42,43,53,58
, 04,07,29,45,54,56
, 02,16,17,27,36,37
, 01,20,24,36,54,58
, 02,11,22,36,51,59
, 04,16,27,30,41,49
, 02,17,25,32,42,49
, 06,20,23,29,35,53
, 13,14,18,19,21,36
, 08,15,33,42,55,58
, 01,03,11,37,49,58
, 03,31,37,41,44,59
, 11,12,15,22,27,44
, 06,22,40,43,47,58
, 17,38,49,54,55,56
, 15,20,30,37,47,51
, 12,20,32,38,48,54
, 13,18,21,30,50,54
, 30,35,45,47,52,55
, 17,18,26,39,54,56
, 08,20,25,50,51,58
, 01,06,31,37,49,50
, 04,11,14,21,29,56
, 04,07,13,49,56,58
, 16,30,34,50,52,53
, 30,33,35,40,41,59
, 34,42,46,57,58,59
, 20,25,34,41,42,52
, 08,16,21,41,44,56
, 12,25,39,46,52,55
, 07,17,28,43,44,45
, 10,27,49,52,55,56
, 05,09,25,34,51,59
, 14,24,30,45,49,56
, 04,06,24,35,45,52
, 01,26,41,55,56,59
, 05,10,29,35,55,56
, 05,13,21,35,41,47
, 02,06,14,16,25,36
, 07,08,14,47,56,58
, 07,14,19,38,40,45
, 01,11,18,27,32,50
, 16,18,25,27,29,57
, 02,19,36,52,54,59
, 02,10,21,23,54,56
, 04,16,26,39,42,54
, 01,03,05,11,15,43
, 01,11,16,20,24,44
, 02,04,14,23,34,46
, 10,18,28,35,36,50
, 06,08,12,36,37,41
, 12,19,21,38,47,51
, 18,23,28,52,56,59
, 20,22,31,39,41,54
, 03,30,44,45,55,59
, 07,08,13,29,43,53
, 03,19,20,24,30,38
, 07,14,15,21,23,57
, 07,12,17,35,37,58
, 05,34,36,38,39,48
, 13,22,24,34,41,57
, 24,29,30,36,46,48
, 12,15,30,43,47,59
, 04,06,34,37,42,52
, 04,27,47,54,55,59
, 08,10,16,19,23,31
, 03,16,34,42,49,52
, 14,23,36,45,47,50
, 10,16,18,32,42,45
, 01,02,11,23,25,54
, 05,06,16,32,42,51
, 39,48,52,53,54,58
, 06,11,12,19,27,31
, 03,08,19,26,37,41
, 06,24,27,38,39,58
, 06,15,23,29,55,57
, 11,19,22,42,43,49
, 24,38,39,40,49,56
, 02,07,21,22,47,53
, 18,24,34,38,41,49
, 01,16,28,31,38,54
, 11,13,21,37,49,59
, 17,23,28,38,47,56
, 15,18,23,42,43,52
, 07,23,41,44,49,54
, 06,09,27,30,40,50
, 06,08,15,31,45,58
, 05,21,23,34,43,45
, 04,09,20,23,37,53
, 04,13,37,40,52,58
, 08,14,20,27,28,53
, 14,19,21,36,53,54
, 21,26,29,35,46,59
, 08,16,33,36,45,51
, 10,29,37,42,48,49
, 10,17,35,41,51,54
, 05,40,47,48,52,54
, 16,19,29,46,54,58
, 10,13,22,35,42,52
, 02,11,18,32,40,54
, 03,07,08,09,40,58
, 11,26,31,32,33,46
, 16,27,31,32,44,58
, 03,08,09,19,21,54
, 10,20,25,39,45,55
, 01,02,28,40,48,49
, 02,04,08,25,38,39
, 05,07,08,16,28,37
, 07,12,33,47,50,51
, 03,11,16,31,44,55
, 12,13,30,34,39,52
, 08,12,16,26,45,49
, 05,14,19,24,31,38
, 07,08,16,24,29,58
, 05,11,27,29,52,53
, 09,19,26,27,45,50
, 02,03,04,32,54,59
, 14,16,25,42,46,51
, 02,22,29,30,36,58
, 11,17,20,32,40,42
, 11,16,25,37,43,44
, 04,05,18,28,43,58
, 19,29,37,41,51,53
, 11,24,34,43,44,47
, 20,21,28,33,49,56
, 10,14,25,29,52,54
, 16,23,35,42,44,58
, 06,17,37,46,47,51
, 03,10,12,29,30,44
, 02,06,17,28,38,55
, 15,16,26,45,47,49
, 05,10,22,23,34,54
, 04,10,15,37,38,59
, 08,18,26,35,41,52
, 04,15,27,36,37,59
, 12,20,31,39,43,46
, 11,17,35,36,40,59
, 34,39,42,47,53,54
, 16,17,22,38,41,55
, 14,26,28,41,51,57
, 09,24,26,38,40,46
, 19,20,30,37,54,59
, 18,29,30,37,46,59
, 10,14,17,32,36,50
, 01,22,30,34,57,58
, 01,03,22,29,36,42
, 01,03,20,24,38,39
, 03,09,16,19,24,43
, 10,19,21,45,46,56
, 13,14,18,22,24,56
, 11,25,36,39,40,57
, 10,17,26,31,35,38
, 02,14,19,20,29,38
, 04,17,30,38,47,55
, 28,33,43,49,55,58
, 07,32,34,48,55,58
, 23,27,36,39,41,49
, 08,10,36,40,52,57
, 06,20,33,44,45,55
, 06,07,19,28,30,52
, 01,03,28,34,37,46
, 09,12,23,24,32,51
, 13,22,23,33,49,54
, 04,14,17,27,34,36
, 01,02,03,04,20,21
, 01,02,05,38,53,56
, 12,24,29,34,39,57
, 02,14,26,35,44,59
, 01,07,09,10,12,31
, 02,05,14,42,51,55
, 13,15,17,19,35,57
, 20,22,25,34,47,51
, 15,17,31,41,50,57
, 07,14,20,33,47,55
, 05,13,24,31,40,41
, 05,12,43,51,53,57
, 07,14,21,35,41,42
, 21,27,31,34,40,54
, 13,14,31,42,44,58
, 13,21,30,39,51,56
, 26,31,35,37,40,49
, 11,19,29,37,40,41
, 04,15,21,26,39,58
, 11,14,22,37,53,56
, 04,14,18,19,26,27
, 02,17,35,41,57,59
, 05,15,33,47,51,59
, 15,16,23,39,48,59
, 02,13,25,32,37,39
, 10,12,18,34,52,56
, 23,25,34,36,37,54
, 01,06,21,31,41,44
, 08,38,41,42,50,58
, 08,09,10,11,41,54
, 18,36,37,38,54,57
, 01,08,12,25,43,52
, 04,12,38,46,57,59
, 26,27,46,47,52,58
, 08,30,40,50,54,57
, 12,25,29,40,48,56
, 22,31,47,52,55,59
, 17,21,31,38,44,58
, 01,02,04,19,28,41
, 13,14,27,46,48,50
, 10,12,35,46,48,57
, 15,22,25,40,53,57
, 03,08,14,28,34,53
, 10,11,15,50,51,56
, 09,11,14,28,37,42
, 07,12,20,24,34,52
, 18,29,38,41,43,57
, 02,08,10,11,32,47
, 09,23,30,46,49,55
, 02,23,39,54,55,57
, 02,17,27,28,51,52
, 02,03,34,43,49,50
, 11,13,18,25,29,47
, 26,39,41,42,55,59
, 26,36,41,46,49,52
, 29,31,43,55,58,59
, 13,14,21,25,51,53
, 08,30,37,40,46,50
, 07,13,20,27,39,52
, 02,03,16,32,53,54
, 05,07,11,30,44,49
, 07,08,09,14,35,44
, 05,08,11,17,40,45
, 09,17,31,33,41,42
, 09,17,21,23,35,36
, 14,26,28,31,32,44
, 12,14,21,22,37,43
, 14,20,28,31,40,46
, 06,18,20,21,29,31
, 24,29,33,40,43,49
, 02,09,27,29,33,40
, 12,18,23,33,42,43
, 03,04,07,18,48,49
, 07,19,22,28,40,44
, 05,06,07,25,27,33
, 04,08,10,21,41,49
, 06,15,17,20,24,25
, 06,22,28,30,39,44
, 05,08,12,28,39,41
, 01,16,27,42,46,47
, 18,21,31,42,45,47
, 02,04,05,15,20,48
, 07,23,26,33,38,45
, 08,15,17,33,41,47
, 04,07,14,21,22,29
, 06,12,32,36,38,47
, 03,10,35,38,40,41
, 13,14,35,39,46,49
, 04,10,13,18,29,33
, 02,04,08,21,30,38
, 14,23,28,33,35,42
, 01,06,23,25,32,35
, 02,08,12,15,21,42
, 18,23,25,37,39,47
, 23,29,30,39,42,49
, 10,14,19,24,28,33
, 17,32,39,40,43,49
, 06,07,23,27,38,49
, 12,27,28,39,41,48
, 01,08,22,30,34,40
, 06,09,22,38,39,41
, 07,11,15,32,46,48
, 01,05,21,33,34,47
, 05,17,22,31,40,48
, 01,11,14,15,19,41
, 07,10,11,30,31,42
, 03,04,25,27,42,45
, 04,11,27,28,30,49
, 15,21,28,35,42,43
, 01,23,27,36,43,45
, 01,18,22,25,31,39
, 17,22,24,28,33,46
, 18,28,30,31,41,46
, 01,18,20,31,38,47
, 11,15,18,22,41,49
, 03,04,06,21,23,44
, 03,17,20,24,38,43
, 01,05,07,21,37,49
, 04,07,09,17,20,48
, 06,17,24,29,33,36
, 07,09,21,22,24,47
, 02,17,21,26,30,48
, 03,08,19,27,42,43
, 04,07,09,10,19,47
, 12,14,15,20,40,41
, 01,19,24,27,38,48
, 21,23,25,34,42,49
, 07,20,23,29,40,46
, 08,09,10,21,35,41
, 03,06,15,17,18,35
, 10,13,17,22,40,46
, 07,10,16,33,39,44
, 03,04,17,24,30,34
, 04,08,19,35,44,49
, 01,06,32,34,37,45
, 29,37,42,46,47,49
, 17,20,28,29,33,36
, 13,14,16,24,41,43
, 04,05,10,12,20,23
, 10,15,17,18,19,31
, 12,18,22,37,38,49
, 11,23,28,30,32,46
, 07,09,13,44,47,48
, 18,22,23,32,40,42
, 02,19,24,33,35,46
, 18,30,33,34,38,48
, 14,15,31,36,42,47
, 19,23,40,43,45,49
, 04,17,19,25,35,37
, 06,11,18,19,38,42
, 26,28,29,30,41,49
, 02,03,05,15,22,29
, 02,15,35,36,38,39
, 05,26,28,30,42,44
, 05,09,10,13,41,44
, 06,07,22,27,35,42
, 02,05,21,25,34,36
, 03,05,09,28,35,47
, 13,14,17,25,31,49
, 11,15,17,30,43,49
, 05,24,28,36,42,47
, 01,22,30,33,40,47
, 06,19,24,26,42,43
, 02,05,08,23,26,32
, 04,27,28,29,34,43
, 04,18,24,34,36,48
, 01,04,05,07,18,47
, 01,03,07,19,20,46
, 04,08,29,33,38,48
, 02,06,22,26,33,48
, 09,19,22,34,41,46
, 12,15,22,29,30,35
, 13,16,18,24,31,43
, 11,29,32,37,40,48
, 12,22,23,27,34,35
, 01,19,20,30,35,46
, 05,17,29,36,37,49
, 01,07,11,38,41,42
, 06,12,15,24,35,47
, 01,03,25,33,36,42
, 05,09,11,20,23,30
, 16,36,40,43,45,47
, 17,21,29,33,35,46
, 13,23,28,37,42,45
, 02,05,11,22,24,42
, 08,14,22,26,35,37
, 14,18,20,30,43,47
, 05,09,14,25,34,38
, 04,11,22,27,47,49
, 03,19,23,28,37,43
, 03,08,11,12,39,43
, 08,15,23,24,28,34
, 01,18,20,38,43,48
, 08,12,28,30,43,49
, 05,15,19,25,34,36
, 03,07,13,17,27,40
, 10,11,18,23,26,37
, 09,18,22,23,29,33
, 11,13,14,28,40,42
, 05,10,16,23,31,44
, 14,19,30,31,47,48
, 07,09,18,24,39,40
, 18,26,32,36,40,45
, 10,31,35,40,41,44
, 02,05,09,28,29,48
, 10,19,20,33,43,46
, 15,26,29,35,36,41
, 03,05,08,10,16,17
, 16,17,22,38,44,49
, 01,07,09,27,30,48
, 09,25,34,37,44,45
, 17,22,23,33,36,42
, 16,18,29,34,35,39
, 13,20,31,34,36,44
, 01,06,10,23,25,40
, 04,17,22,26,31,47
, 08,17,20,32,41,43
, 03,07,20,31,43,45
, 14,16,20,38,39,45
, 08,14,16,21,47,49
, 20,29,33,35,37,40
, 17,20,28,39,43,44
, 04,21,25,27,31,49
, 14,19,22,25,38,48
, 11,12,16,20,35,46
, 02,09,12,26,31,44
, 01,04,05,08,25,46
, 04,09,10,13,29,40
, 03,10,11,24,25,35
, 19,23,34,35,39,49
, 17,19,35,37,46,48
, 15,17,19,22,33,40
, 03,07,20,24,30,39
, 08,25,27,36,39,44
, 12,13,28,33,46,49
, 27,34,35,36,41,48
, 09,29,37,38,42,46
, 04,15,21,30,41,49
, 02,06,09,18,24,35
, 07,12,23,27,30,31
, 04,11,13,24,32,46
, 22,23,25,27,28,46
, 19,23,31,36,45,46
, 04,11,18,28,41,44
, 09,12,16,22,26,48
, 16,24,25,30,34,45
, 04,08,09,10,21,24
, 12,18,25,28,33,40
, 02,07,25,35,40,42
, 13,21,24,29,35,41
, 01,08,10,14,18,37
, 10,12,17,28,30,42
, 06,12,16,18,21,29
, 09,16,19,31,36,37
, 15,19,22,25,42,48
, 12,16,22,35,38,48
, 05,11,15,23,35,39
, 03,19,21,30,41,47
, 04,06,15,23,36,44
, 01,02,06,29,32,47
, 05,06,14,18,29,33
, 10,28,32,36,37,49
, 20,23,26,29,34,41
, 10,14,20,22,45,49
, 10,18,27,37,41,47
, 03,12,19,21,29,31
, 12,15,24,26,31,35
, 05,12,21,26,33,45
, 04,11,27,34,36,45
, 05,15,17,19,20,47
, 16,17,21,27,30,37
, 10,12,14,25,46,48
, 05,07,20,24,30,41
, 11,15,36,37,38,45
, 02,04,05,17,22,29
, 18,20,24,30,39,48
, 07,24,27,31,40,41
, 01,11,12,13,35,42
, 06,07,08,13,24,28
, 04,14,15,17,21,31
, 01,05,17,19,37,47
, 05,20,26,40,42,48
, 03,04,27,29,47,49
, 15,25,26,33,34,41
, 12,18,38,39,45,49
, 14,15,17,26,35,46
, 03,16,20,26,28,43
, 03,05,09,13,17,37
, 10,16,33,38,40,44
, 12,13,18,39,43,49
, 22,26,30,40,42,47
, 01,03,17,19,39,42
, 06,24,33,38,42,43
, 12,15,24,36,45,49
, 03,09,10,16,20,22
, 16,24,27,39,45,49
, 15,27,31,40,41,49
, 07,13,25,31,34,45
, 08,11,29,34,40,41
, 08,24,26,28,36,43
, 06,09,13,35,36,47
, 03,04,16,20,33,44
, 02,07,10,15,17,28
, 08,09,13,17,41,43
, 10,18,35,38,41,43
, 11,13,24,32,34,47
, 03,05,25,33,34,35
, 05,06,26,30,33,40
, 10,23,35,39,45,46
, 03,05,24,31,48,49
, 04,05,06,20,30,35
, 09,12,24,25,26,43
, 12,15,20,31,33,40
, 11,12,22,27,40,44
, 07,08,11,12,39,42
, 01,13,25,39,41,44
, 09,11,16,17,18,38
, 08,34,38,42,44,46
, 12,14,16,18,20,33
, 03,13,23,27,41,49
, 03,16,27,33,36,42
, 11,21,22,41,47,48
, 05,11,21,32,42,48
, 08,15,24,40,43,45
, 08,10,22,24,37,44
, 03,14,16,19,37,44
, 04,11,14,27,43,46
, 01,11,12,27,48,49
, 06,08,21,23,41,46
, 12,19,25,36,44,46
, 03,09,14,38,42,47
, 06,09,23,31,35,48
, 02,14,20,23,24,30
, 02,16,25,30,31,32
, 03,06,36,44,45,48
, 07,20,27,39,46,48
, 06,14,20,23,29,49
, 08,10,27,34,40,41
, 09,10,16,18,27,42
, 02,12,13,14,21,30
, 09,10,24,43,47,48
, 02,06,21,29,34,47
, 06,10,14,24,32,41
, 05,09,13,16,35,39
, 05,12,13,35,38,47
, 03,07,11,12,24,27
, 05,21,24,25,39,48
, 10,15,17,21,37,47
, 07,09,20,21,30,37
, 06,08,31,37,40,48
, 03,11,17,39,47,49
, 04,14,28,34,43,44
, 04,26,33,41,48,49
, 06,19,22,23,28,29
, 09,15,18,33,38,44
, 29,33,35,36,45,48
, 03,04,14,31,48,49
, 05,27,31,32,38,49
, 14,28,37,38,45,48
, 02,04,27,34,39,44
, 04,12,19,22,36,40
, 17,19,20,21,25,26
, 14,15,17,29,30,33
, 10,23,24,25,30,37
, 14,19,35,36,40,45
, 05,07,09,17,20,45
, 07,30,32,36,40,41
, 07,14,20,30,33,46
, 01,10,19,36,47,48
, 09,10,24,37,39,40
, 04,07,19,21,39,49
, 14,26,30,32,36,48
, 15,19,23,29,30,46
, 01,11,16,18,27,42
, 03,09,11,29,45,46
, 01,06,07,08,25,42
, 06,08,11,39,40,43
, 10,13,29,31,36,45
, 05,14,19,23,33,48
, 14,18,19,35,44,45
, 14,16,21,22,24,41
, 08,15,21,26,28,32
, 17,22,26,27,39,41
, 15,30,36,39,41,49
, 04,07,12,28,32,37
, 12,18,23,31,44,48
, 03,11,23,28,30,48
, 21,27,38,42,44,46
, 10,14,35,36,37,46
, 01,05,14,18,34,44
, 06,14,19,22,30,36
, 08,10,15,21,23,45
, 13,20,24,27,33,39
, 07,10,22,29,43,44
, 08,14,15,22,41,48
, 05,14,20,40,41,42
, 11,26,34,38,40,46
, 13,27,29,42,43,46
, 12,19,28,29,38,49
, 05,22,23,30,33,45
, 03,09,14,19,34,38
, 01,18,19,24,30,38
, 10,22,29,39,46,47
, 03,25,28,30,39,45
, 06,10,12,30,36,49
, 03,19,21,37,40,49
, 12,25,29,34,45,47
, 05,14,24,26,37,44
, 09,17,20,27,37,41
, 16,18,20,25,29,34
, 07,14,25,33,45,48
, 02,06,07,15,25,44
, 03,04,18,24,44,49
, 01,19,39,40,42,46
, 05,06,21,41,48,49
, 01,05,18,21,23,33
, 02,07,08,10,22,23
, 04,13,17,26,27,40
, 18,22,25,35,39,41
, 01,03,09,23,37,46
, 08,13,18,21,40,44
, 10,23,25,34,41,47
, 07,08,16,22,24,28
, 01,05,15,22,26,42
, 20,27,33,41,44,46
, 12,16,23,25,31,42
, 09,23,26,33,40,44
, 02,05,18,40,47,49
, 03,08,16,22,38,39
, 06,24,27,31,39,45
, 10,14,21,25,39,45
, 01,03,16,20,37,40
, 14,15,18,26,31,36
, 01,03,12,23,37,43
, 02,08,11,28,35,44
, 07,20,23,28,31,40
, 13,14,29,41,46,49
, 07,25,26,27,29,32
, 07,12,15,35,43,49
, 02,19,22,30,33,41
, 09,28,30,33,40,44
, 01,23,24,31,45,49
, 07,13,16,31,36,44
, 04,07,40,41,45,48
, 07,17,21,22,38,39
, 10,12,25,28,31,40
, 02,08,26,30,39,45
, 05,17,32,39,42,49
, 09,22,31,34,35,43
, 07,10,12,15,25,42
, 02,09,27,33,39,40
, 08,14,15,17,20,47
, 09,26,28,30,42,43
, 07,11,37,38,42,44
, 08,11,13,17,48,49
, 01,15,23,32,36,43
, 07,28,30,34,38,45
, 01,22,35,39,42,48
, 03,10,25,28,30,43
, 16,21,24,29,30,39
, 10,14,27,31,32,47
, 01,30,35,47,48,49
, 13,23,24,25,26,30
, 13,16,25,26,36,46
, 04,11,19,22,31,48
, 01,29,31,32,34,36
, 10,12,26,27,39,40
, 06,12,13,28,33,38
, 02,08,10,23,27,32
, 14,16,23,24,27,39
, 11,12,33,37,38,49
, 05,09,14,28,46,49
, 04,23,34,38,39,41
, 20,27,28,34,43,44
, 13,14,18,32,34,49
, 07,12,27,34,41,46
, 13,24,25,26,37,40
, 06,16,22,26,30,34
, 09,15,17,29,30,39
, 04,15,17,26,37,41
, 15,19,25,36,44,45
, 10,16,29,34,37,47
, 11,15,32,33,37,39
, 02,03,06,41,44,45
, 23,28,29,37,38,42
, 05,07,09,10,22,47
, 04,29,31,36,38,48
, 04,17,20,26,29,36
, 05,26,43,46,47,49
, 06,07,29,32,41,46
, 11,27,46,47,48,49
, 02,03,18,30,34,35
, 03,19,32,40,47,48
, 05,30,31,33,35,45
, 02,04,07,27,43,44
, 01,14,18,24,26,28
, 18,19,26,39,40,47
, 04,10,29,32,34,40
, 04,16,22,34,39,42
, 01,02,11,30,33,45
, 06,10,15,32,42,49
, 04,09,13,15,18,40
, 07,11,15,18,19,49
, 01,02,21,24,33,49
, 26,32,34,35,41,48
, 10,18,34,35,39,48
, 05,06,13,21,31,47
, 05,09,15,30,32,39
, 16,22,23,36,45,48
, 03,08,10,35,38,39
, 09,25,29,32,37,38
, 09,11,35,37,40,45
, 03,19,36,40,43,48
, 07,21,25,32,43,44
, 02,07,09,18,38,45
, 02,03,17,23,40,43
, 07,08,17,30,46,48
, 04,17,23,24,30,35
, 06,15,20,36,38,42
, 08,18,27,28,46,48
, 17,30,33,34,38,48
, 17,18,24,29,35,48
, 02,03,07,17,21,32
, 01,06,12,29,36,44
, 06,15,27,32,37,44
, 05,06,18,36,44,49
, 03,05,08,09,18,44
, 04,34,40,41,44,49
, 01,14,25,33,34,43
, 06,08,17,21,39,47
, 07,11,13,14,38,41
, 12,14,32,44,48,49
, 10,16,17,21,39,41
, 02,09,16,21,31,44
, 06,18,23,26,32,44
, 10,26,28,34,35,39
, 02,15,16,18,47,48
, 07,17,19,29,30,38
, 09,11,37,40,41,49
, 04,13,23,29,41,43
, 01,25,27,41,46,49
, 06,08,20,29,34,36
, 01,08,15,21,31,39
, 06,16,26,32,34,46
, 05,11,15,26,29,32
, 16,24,27,28,30,36
, 02,06,08,09,36,39
, 33,34,37,40,41,47
, 02,17,20,42,46,48
, 05,20,25,30,36,47
, 14,17,20,43,47,49
, 04,14,18,24,41,44
, 09,18,34,41,42,43
, 07,08,21,24,33,34
, 11,12,17,19,24,47
, 13,14,32,35,41,47
, 04,10,35,36,43,46
, 04,09,33,34,36,45
, 02,03,16,26,34,39
, 13,15,22,25,33,34
, 07,13,33,37,48,49
, 09,21,35,38,46,49
, 06,09,31,33,40,45
, 11,15,24,33,43,49
, 14,16,23,24,25,43
, 04,15,19,44,45,49
, 20,21,22,24,27,34
, 04,10,18,41,42,47
, 11,30,38,45,46,49
, 06,07,08,17,27,46
, 03,06,27,29,33,41
, 05,11,29,31,35,39
, 15,26,30,35,40,41
, 12,22,30,31,34,39
, 13,21,28,37,39,45
, 02,22,32,33,37,45
, 03,05,11,16,41,48
, 02,03,14,29,35,42
, 14,30,31,36,44,47
, 06,30,34,38,45,48
, 18,19,24,26,27,44
, 05,11,19,29,33,35
, 09,17,18,23,30,35
, 10,16,25,26,32,40
, 21,25,29,32,38,44
, 19,22,30,33,35,39
, 09,12,27,29,41,47
, 04,05,16,17,20,32
, 02,20,33,40,43,46
, 04,20,21,35,39,40
, 08,10,26,34,48,49
, 16,19,26,27,41,47
, 07,20,21,27,28,41
, 03,17,32,35,43,49
, 05,10,12,17,28,30
, 08,15,19,26,33,36
, 02,13,16,24,25,40
, 05,13,17,31,42,46
, 04,21,25,27,31,34
, 13,16,22,25,31,39
, 14,17,22,24,38,43
, 10,24,30,33,40,45
, 01,11,33,37,42,43
, 24,26,33,35,43,44
, 08,16,25,27,28,34
, 15,28,32,43,44,45
, 01,15,25,26,40,43
, 03,05,30,31,38,47
, 23,29,34,36,41,45
, 08,31,37,43,44,48
, 06,18,20,25,35,36
, 18,26,33,35,37,47
, 05,09,13,17,22,27
, 34,37,39,41,42,47
, 04,08,32,34,40,47
, 01,16,17,19,33,34
, 14,26,33,45,46,49
, 05,22,23,24,26,29
, 02,12,17,25,33,39
, 02,17,36,39,42,48
, 02,04,05,19,20,27
, 01,04,16,37,47,49
, 15,23,24,34,36,47
, 01,04,24,26,27,48
, 11,17,19,40,44,45
, 01,26,28,32,46,48
, 03,06,08,10,36,47
, 06,15,28,29,30,47
, 05,11,19,23,38,46
, 01,04,12,23,33,40
, 02,10,16,19,33,45
, 03,10,29,31,36,44
, 02,06,08,23,44,46
, 06,09,11,21,40,48
, 08,11,20,33,43,47
, 08,09,19,28,31,37
, 14,18,29,38,43,44
, 06,11,15,32,38,42
, 03,05,23,28,42,49
, 05,11,13,18,25,46
, 16,30,34,37,41,42
, 23,25,28,33,44,49
, 01,06,13,23,29,34
, 06,13,27,28,34,42
, 18,27,32,35,44,47
, 07,14,17,42,44,45
, 03,11,18,23,38,49
, 08,24,27,31,34,36
, 03,22,27,31,38,49
, 16,22,24,30,39,44
, 05,07,15,37,42,44
, 03,12,15,17,22,29
, 03,11,12,20,21,28
, 02,03,04,19,23,40
, 01,04,07,11,13,27
, 03,07,08,16,19,30
, 02,16,17,18,27,28
, 04,07,10,14,27,42
, 06,08,14,16,21,43
, 20,24,33,34,37,48
, 04,16,18,43,45,49
, 26,29,30,42,43,47
, 05,14,27,29,34,35
, 02,08,23,25,36,42
, 15,18,26,32,36,37
, 01,20,28,33,40,45
, 02,20,34,35,40,44
, 03,13,22,23,39,45
, 05,13,31,36,40,41
, 08,20,36,43,45,49
, 02,19,22,25,34,47
, 03,04,27,30,36,47
, 03,06,11,17,23,29
, 09,24,30,32,36,40
, 01,04,12,13,18,19
, 01,05,09,20,23,39
, 04,06,12,31,38,48
, 19,21,39,44,45,49
, 01,02,23,39,42,49
, 12,18,26,35,40,44
, 24,25,34,38,41,43
, 05,09,12,31,32,38
, 06,12,16,19,33,44
, 11,25,27,32,37,43
, 05,11,24,32,35,42
, 17,36,37,40,43,45
, 26,27,28,43,45,46
, 14,21,23,32,36,46
, 02,10,15,28,36,41
, 03,05,17,32,40,43
, 23,25,28,41,46,47
, 18,20,31,33,43,45
, 18,23,34,44,46,48
, 18,20,24,30,43,44
, 02,11,23,28,35,39
, 12,19,22,26,36,41
, 02,04,07,27,28,35
, 09,18,34,37,39,47
, 03,09,11,17,27,48
, 18,23,24,36,43,44
, 10,23,26,30,41,45
, 16,31,32,46,47,48
, 09,20,21,27,39,40
, 09,17,26,32,33,36
, 01,16,18,32,39,44
, 02,06,27,28,40,49
, 03,13,19,20,23,26
, 08,17,30,32,38,40
, 02,22,23,31,35,40
, 09,27,28,33,39,41
, 05,08,10,29,39,41
, 04,06,10,28,35,39
, 10,16,21,22,35,49
, 14,16,26,39,44,48
, 01,02,11,31,38,43
, 09,17,25,26,31,42
, 10,17,20,21,23,31
, 03,04,17,24,29,40
, 08,10,11,14,28,36
, 01,13,18,36,43,48
, 03,08,21,23,30,46
, 06,14,32,35,41,42
, 04,06,22,31,33,35
, 02,05,19,20,33,43
, 02,12,24,31,41,48
, 12,17,32,41,44,48
, 09,10,30,37,45,46
, 01,05,09,27,42,45
, 13,16,19,31,37,47
, 06,09,28,31,37,42
, 01,08,10,13,20,34
, 10,17,25,32,34,40
, 01,15,35,42,45,48
, 07,14,17,39,41,49
, 11,21,34,42,43,45
, 13,24,33,35,42,49
, 05,09,18,23,31,39
, 06,11,24,30,32,45
, 08,10,21,23,25,48
, 11,18,28,32,36,39
, 03,05,14,19,24,40
, 02,17,19,28,31,47
, 13,23,26,27,37,49
, 01,31,32,33,36,38
, 02,05,22,25,39,41
, 09,16,25,29,31,37
, 06,09,20,21,31,34
, 06,21,30,32,33,44
, 03,21,25,32,37,46
, 06,25,33,37,42,43
, 06,19,25,32,37,39
, 18,22,26,42,45,46
, 05,23,24,29,39,44
, 02,04,17,19,38,45
, 09,14,16,38,46,47
, 03,07,24,25,26,41
, 04,24,31,33,36,40
, 01,04,13,15,35,38
, 04,29,37,39,40,43
, 24,25,26,38,39,40
, 03,25,28,29,32,45
, 01,07,09,33,36,38
, 03,18,28,37,39,42
, 05,08,11,15,38,45
, 01,08,27,32,39,45
, 09,19,36,37,39,49
, 03,11,15,33,36,45
, 07,10,24,39,40,42
, 02,10,24,31,37,47
, 03,09,11,23,36,44
, 10,15,17,26,46,49
, 02,04,16,28,37,47
, 09,11,23,27,29,33
, 10,12,20,37,39,48
, 04,12,19,21,34,44
, 10,34,35,39,43,47
, 03,06,13,23,27,49
, 04,12,34,35,38,48
, 05,07,18,27,31,33
, 14,17,30,37,38,41
, 01,05,13,20,27,45
, 15,24,26,27,33,34
, 02,11,13,27,34,43
, 18,19,25,30,33,43
, 06,10,12,15,20,27
, 01,20,31,38,43,46
, 01,12,29,35,37,40
, 03,10,12,30,39,40
, 01,08,15,18,34,38
, 20,21,23,24,27,28
, 09,13,24,25,42,48
, 17,18,28,29,32,40
, 06,27,29,38,42,49
, 11,21,27,38,40,44
, 01,14,21,24,35,46
, 05,15,20,22,24,47
, 03,09,11,24,29,43
, 05,21,28,29,40,44
, 07,15,16,19,22,48
, 04,06,09,13,35,36
, 03,05,07,09,24,35
, 02,14,27,31,36,44
, 08,14,33,34,35,43
, 09,16,23,26,27,42
, 01,29,32,33,34,38
, 02,03,09,34,35,41
, 05,09,10,11,23,26
, 09,10,17,29,33,40
, 07,09,23,30,47,49
, 08,15,23,32,35,49
, 04,26,28,32,44,46
, 03,11,19,24,33,35
, 15,17,33,35,39,40
, 06,09,13,18,29,30
, 03,12,17,18,22,42
, 16,27,28,29,30,42
, 02,03,09,15,26,29
, 02,22,26,28,30,39
, 03,04,12,23,30,31
, 07,12,19,23,46,48
, 11,12,22,23,24,36
, 08,09,11,16,18,22
, 12,26,34,39,40,45
, 07,16,17,23,29,34
, 01,08,22,28,35,44
, 05,09,14,37,38,44
, 19,27,35,37,39,42
, 15,20,22,34,37,39
, 10,25,28,36,45,48
, 03,06,10,26,30,38
, 02,23,38,41,47,49
, 03,11,12,41,46,47
, 03,04,29,34,41,42
, 04,14,18,24,32,40
, 09,10,12,16,30,31
, 02,15,17,32,36,42
, 15,31,33,35,41,44
, 01,04,16,37,39,40
, 10,15,23,34,39,41
, 05,19,24,38,42,46
, 04,10,14,29,31,38
, 04,17,22,44,46,49
, 01,06,08,14,17,32
, 07,23,30,41,45,49
, 02,06,21,23,43,47
, 11,17,28,31,40,43
, 03,22,27,33,45,48
, 07,11,14,27,45,48
, 05,21,22,25,27,35
, 02,23,37,40,48,49
, 01,13,26,38,41,47
, 04,15,18,30,31,47
, 08,14,16,39,43,47
, 01,08,12,20,29,49
, 16,29,30,32,38,45
, 08,11,16,25,39,46
, 07,17,29,31,39,44
, 09,18,21,24,37,48
, 09,14,24,28,32,41
, 02,14,26,29,31,40
, 02,05,12,15,30,48
, 05,07,18,22,25,34
, 07,08,27,37,40,46
, 01,02,06,13,38,43
, 04,12,13,15,30,36
, 06,10,30,32,43,45
, 08,13,17,22,29,42
, 06,11,15,18,34,45
, 14,24,26,28,44,49
, 02,03,12,20,33,49
, 13,15,25,31,37,39
, 04,13,23,28,30,32
, 08,14,18,23,27,44
, 11,13,14,16,21,44
, 11,13,21,33,36,47
, 12,22,25,43,46,49
, 19,20,23,42,44,45
, 04,06,10,11,24,33
, 02,08,13,18,26,39
, 12,24,33,36,39,42
, 11,15,25,33,44,45
, 01,14,25,37,39,47
, 06,08,24,25,32,47
, 11,16,20,22,27,46
, 04,05,21,35,37,42
, 05,11,13,18,25,35
, 02,06,09,13,17,36
, 03,10,22,25,31,49
, 09,12,20,25,33,35
, 06,08,10,13,22,32
, 14,16,24,28,45,48
, 04,15,25,27,33,40
, 10,12,22,32,45,46
, 07,11,12,36,38,39
, 01,09,24,27,36,45
, 05,06,18,22,24,38
, 01,17,24,26,30,49
, 01,09,10,11,16,49
, 02,08,16,24,32,41
, 03,12,15,18,30,31
, 02,05,06,13,25,47
, 03,07,12,21,25,36
, 04,13,18,21,30,46
, 04,10,20,24,39,49
, 11,24,26,35,39,40
, 03,27,34,41,42,48
, 04,06,11,17,31,41
, 07,13,17,33,40,42
, 18,31,35,39,40,42
, 02,12,26,32,37,47
, 02,05,15,34,35,43
, 06,10,11,19,22,46
, 03,09,12,13,20,43
, 12,23,25,26,34,49
, 03,06,15,23,28,42
, 04,18,22,27,44,48
, 03,18,21,24,36,38
, 03,10,21,25,29,49
, 12,31,33,39,41,45
, 15,27,35,37,38,39
, 03,09,10,12,46,47
, 16,22,28,30,33,35
, 03,13,22,32,44,46
, 10,11,17,34,38,46
, 07,13,23,40,41,48
, 06,12,19,25,31,41
, 13,16,22,43,47,49
, 08,17,33,41,43,45
, 13,19,24,30,40,48
, 02,03,23,33,40,46
, 07,21,22,28,37,40
, 01,10,33,35,38,43
, 02,20,22,25,41,47
, 03,15,19,24,28,34
, 03,19,31,32,36,40
, 17,19,20,32,36,48
, 09,20,22,24,27,28
, 03,06,09,12,40,43
, 08,09,19,34,47,49
, 04,33,34,38,39,49
, 11,18,25,27,39,44
, 11,17,24,28,41,47
, 01,07,25,31,32,39
, 14,20,21,30,41,46
, 08,11,17,30,32,41
, 13,16,23,29,36,49
, 08,11,21,32,35,42
, 23,24,30,31,33,37
, 11,14,19,35,46,49
, 03,35,39,42,44,48
, 02,05,19,23,32,41
, 09,14,26,28,30,45
, 15,19,29,35,44,45
, 01,09,14,20,43,44
, 06,21,24,38,39,48
, 01,09,16,34,38,41
, 04,14,25,35,42,48
, 01,05,11,19,28,36
, 04,15,34,40,44,46
, 05,18,26,34,42,49
, 01,06,26,34,39,42
, 06,18,40,43,47,49
, 01,02,04,38,42,43
, 22,26,38,39,41,42
, 06,16,18,29,30,35
, 13,17,39,46,47,49
, 13,14,21,30,43,49
, 04,15,21,23,24,38
, 02,08,10,31,46,48
, 04,07,26,28,39,49
, 12,17,21,25,31,37
, 05,08,12,20,28,48
, 01,02,13,29,33,49
, 15,25,29,35,39,40
, 04,06,30,36,43,44
, 01,02,07,11,37,45
, 16,27,29,34,39,45
, 10,16,24,37,44,49
, 04,10,21,22,25,38
, 05,08,11,27,30,46
, 04,12,14,20,46,49
, 05,08,10,18,20,46
, 02,05,09,12,22,32
, 09,11,15,31,42,46
, 17,20,31,40,42,46
, 04,07,31,38,44,48
, 14,15,24,31,45,49
, 01,19,20,32,42,46
, 02,03,17,22,40,42
, 23,24,28,33,34,41
, 02,18,31,38,39,46
, 17,30,33,40,42,43
, 09,13,14,20,31,35
, 04,05,06,12,20,29
, 02,07,10,14,16,22
, 15,18,23,31,37,49
, 06,12,36,39,41,48
, 08,15,24,31,37,42
, 14,16,24,26,27,39
, 04,13,23,24,26,36
, 12,14,16,19,27,32
, 08,12,13,19,26,38
, 02,03,16,27,44,48
, 06,26,28,35,42,43
, 03,21,29,35,38,45
, 11,12,16,33,34,43
, 08,15,17,40,43,48
, 02,15,21,37,43,46
, 05,07,14,29,37,38
, 03,08,20,22,34,40
, 19,21,22,38,44,49
, 10,17,24,31,42,49
, 06,16,20,21,23,37
, 06,29,31,34,40,48
, 04,08,16,20,25,31
, 24,30,38,43,46,49
, 02,04,12,16,18,41
, 03,11,13,18,26,31
, 05,08,09,18,41,47
, 04,05,16,19,21,49
, 07,17,27,30,33,39
, 20,22,23,26,31,47
, 04,21,25,37,45,46
, 06,12,19,20,38,39
, 18,20,26,27,28,39
, 06,10,19,29,32,42
, 07,17,29,33,42,45
, 18,28,33,37,39,42
, 11,12,34,39,44,48
, 09,14,21,23,39,44
, 08,16,27,38,44,49
, 25,26,33,40,41,47
, 04,07,10,33,35,49
, 14,27,32,39,41,47
, 06,09,11,14,33,48
, 04,06,07,09,28,39
, 04,16,32,34,35,37
, 05,08,12,24,28,31
, 01,17,25,29,41,46
, 06,16,17,22,24,45
, 03,10,19,33,35,38
, 03,15,21,22,36,47
, 08,13,28,32,36,46
, 02,07,11,21,33,34
, 09,11,22,39,40,42
, 10,29,31,32,36,47
, 01,27,32,33,45,48
, 09,24,30,40,42,48
, 03,09,33,44,47,49
, 07,15,19,23,37,48
, 07,19,26,38,44,49
, 05,06,07,18,28,40
, 01,02,16,22,26,49
, 09,17,18,21,23,39
, 02,06,18,36,37,44
, 02,06,10,17,29,30
, 04,08,16,19,34,40
, 07,10,22,24,34,44
, 01,14,21,30,35,48
, 04,09,13,29,31,36
, 01,11,14,35,37,42
, 01,16,22,32,33,40
, 15,16,19,28,38,42
, 07,14,24,37,43,48
, 05,09,27,35,42,43
, 09,23,32,35,36,40
, 05,11,12,16,17,45
, 04,09,15,25,30,40
, 09,27,28,31,41,42
, 01,03,06,22,23,39
, 05,11,13,17,44,48
, 09,18,22,29,30,48
, 09,14,15,18,26,46
, 01,25,26,27,39,49
, 02,03,07,24,46,47
, 04,08,16,23,28,47
, 05,06,08,19,34,38
, 08,14,19,28,29,48
, 07,13,31,43,45,47
, 06,09,11,33,36,49
, 06,08,10,19,30,42
, 17,21,25,27,30,37
, 05,06,12,13,31,45
, 07,11,15,21,35,47
, 07,09,17,22,27,40
, 20,23,25,30,31,48
, 02,08,11,12,22,26
, 02,10,11,28,36,47
, 07,14,29,37,41,45
, 19,27,28,34,39,46
, 14,33,36,39,42,46
, 04,09,10,19,24,37
, 04,09,22,24,30,41
, 12,13,25,30,45,47
, 01,15,23,30,45,49
, 12,13,21,26,32,39
, 19,25,32,47,48,49
, 02,05,13,30,39,49
, 10,14,26,28,33,38
, 18,20,22,30,32,39
, 07,18,20,21,29,47
, 04,07,29,30,42,44
, 05,07,13,15,19,45
, 01,14,20,22,25,26
, 14,17,23,30,34,42
, 04,06,31,42,46,47
, 21,32,41,42,43,46
, 02,11,27,29,36,44
, 02,23,33,35,40,42
, 09,21,23,31,40,46
, 15,20,22,25,35,39
, 01,08,24,27,34,46
, 01,05,07,41,43,49
, 14,26,34,35,36,45
, 04,10,14,21,32,49
, 06,13,17,23,32,43
, 01,40,43,44,48,49
, 07,11,12,20,38,44
, 03,10,13,22,31,33
, 19,22,30,35,44,48
, 08,15,30,31,34,43
, 03,06,07,17,30,34
, 02,10,30,36,37,43
, 03,09,13,35,43,45
, 10,12,13,17,31,37
, 07,12,16,24,29,37
, 04,29,39,41,43,45
, 02,03,21,24,38,44
, 03,25,36,39,42,47
, 07,20,22,23,34,37
, 03,12,17,36,44,49
, 08,25,33,35,38,40
, 07,12,23,26,29,44
, 15,23,27,38,44,49
, 01,04,07,44,47,48
, 04,07,26,41,42,49
, 07,11,12,37,42,45
, 01,02,18,25,34,45
, 11,13,26,34,44,48
, 06,08,13,15,21,40
, 03,11,17,19,20,41
, 10,16,21,24,34,46
, 14,18,29,33,37,39
, 14,34,38,43,47,48
, 04,19,22,27,28,47
, 12,18,22,33,43,48
, 01,06,11,17,29,43
, 02,06,21,34,35,49
, 30,35,38,41,45,48
, 02,23,26,30,39,47
, 02,15,20,24,32,47
, 03,18,25,29,31,43
, 13,26,27,38,41,43
, 25,26,32,39,40,42
, 14,23,36,40,41,48
, 14,22,25,27,45,47
, 22,26,36,43,45,49
, 18,26,27,29,34,42
, 01,11,23,26,29,31
, 05,21,23,28,40,48
, 12,14,25,30,32,38
, 06,08,18,33,43,49
, 03,07,09,21,35,39
, 01,02,08,09,41,48
, 14,21,25,39,40,47
, 06,19,24,26,27,49
, 03,06,15,16,33,48
, 08,14,25,40,43,48
, 17,25,30,32,36,37
, 10,16,19,30,35,45
, 09,13,18,29,30,49
, 11,18,20,23,32,48
, 12,18,22,24,32,33
, 19,22,33,36,43,44
, 02,19,28,33,44,49
, 03,08,27,38,44,46
, 03,12,14,22,33,40
, 05,15,23,30,34,42
, 15,24,28,33,34,47
, 05,20,30,32,35,38
, 04,05,31,33,38,42
, 07,10,17,28,29,33
, 05,08,15,20,42,48
, 04,06,09,12,15,40
, 04,22,30,41,43,47
, 15,19,24,36,37,49
, 04,12,27,44,45,47
, 05,16,22,25,27,30
, 07,11,19,25,31,39
, 07,09,19,23,27,49
, 11,12,16,26,35,39
, 08,09,35,38,42,45
, 07,18,27,31,36,49
, 04,07,09,10,43,46
, 06,09,15,23,38,48
, 01,04,08,26,28,36
, 11,14,20,24,28,36
, 04,10,12,13,14,22
, 13,27,37,40,43,49
, 02,26,29,36,39,40
, 05,25,33,35,36,39
, 03,08,09,26,27,47
, 09,11,21,39,40,46
, 22,27,33,37,38,40
, 10,13,19,25,31,33
, 25,32,33,36,45,46
, 03,07,14,17,18,43
, 06,17,22,27,30,34
, 06,11,12,19,37,44
, 01,05,06,31,33,41
, 04,14,23,31,35,41
, 03,10,28,29,42,43
, 12,19,40,42,46,49
, 05,10,13,14,28,42
, 03,11,17,21,33,44
, 05,08,19,30,35,42
, 01,10,27,35,39,48
, 03,05,10,25,43,47
, 12,25,27,32,37,49
, 06,07,10,20,37,44
, 10,12,13,19,31,46
, 01,02,19,30,44,49
, 06,11,12,13,36,42
, 13,14,31,32,37,41
, 11,12,19,47,48,49
, 08,11,28,33,38,41
, 04,07,08,10,17,22
, 03,13,17,29,40,48
, 10,11,14,21,25,42
, 22,27,30,31,48,49
, 06,09,13,15,40,43
, 01,03,11,16,23,36
, 06,27,33,38,45,47
, 06,09,31,32,40,47
, 05,10,11,16,17,33
, 06,08,21,25,43,47
, 11,12,15,29,37,43
, 16,21,24,28,31,33
, 05,18,21,24,38,48
, 02,23,28,31,42,45
, 22,26,29,31,35,42
, 07,22,35,44,48,49
, 01,12,23,26,35,45
, 05,08,09,26,29,44
, 05,22,26,40,42,43
, 01,04,06,18,19,40
, 11,15,18,24,34,44
, 01,04,05,25,34,46
, 10,22,28,33,37,39
, 04,29,35,44,46,49
, 10,11,15,18,19,40
, 14,17,23,28,42,49
, 23,32,33,42,43,45
, 05,06,10,15,27,49
, 01,03,26,34,43,47
, 01,03,04,05,17,37
, 07,19,20,29,41,49
, 03,21,31,42,47,48
, 01,03,22,32,38,44
, 25,30,34,39,40,47
, 09,25,33,36,46,49
, 03,09,12,28,29,38
, 04,07,08,11,24,40
, 19,21,25,33,37,41
, 07,17,19,26,29,41
, 13,21,37,42,46,48
, 05,16,30,38,42,43
, 01,10,11,18,19,46
, 11,14,17,34,37,43
, 17,19,20,35,43,45
, 24,38,40,44,47,48
, 06,19,22,38,39,43
, 06,21,28,34,38,41
, 01,05,08,18,42,48
, 01,03,05,13,21,24
, 14,15,17,31,39,45
, 22,23,38,40,43,47
, 18,22,25,44,45,46
, 09,11,18,20,35,47
, 05,12,13,19,27,47
, 08,10,16,17,30,47
, 16,25,27,32,35,43
, 03,11,25,28,34,45
, 04,08,21,24,39,44
, 02,05,19,21,40,46
, 14,23,29,39,41,45
, 02,12,17,23,24,34
, 17,18,22,23,40,49
, 19,28,31,34,41,47
, 03,18,22,27,41,46
, 01,07,24,27,46,48
, 08,23,35,39,44,46
, 04,06,13,21,36,46
, 01,07,09,28,33,39
, 08,14,21,26,37,48
, 03,11,13,34,35,43
, 02,28,34,35,38,47
, 09,23,25,26,33,36
, 16,32,34,35,40,48
, 01,05,08,16,31,39
, 11,12,13,18,43,48
, 17,30,31,32,35,47
, 06,09,13,17,21,24
, 02,12,33,39,45,48
, 10,12,18,20,22,47
, 09,11,15,24,38,46
, 09,19,25,29,30,38
, 04,10,18,21,43,49
, 06,19,29,32,34,46
, 05,11,17,23,40,45
, 07,11,16,32,42,49
, 03,06,11,20,34,43
, 06,22,25,26,28,44
, 02,08,23,32,35,39
, 03,16,24,27,30,48
, 07,24,30,44,46,47
, 11,13,28,34,37,45
, 01,02,15,23,31,48
, 03,09,15,16,21,29
, 03,04,08,09,30,32
, 09,25,28,37,41,48
, 01,21,25,27,39,42
, 10,11,13,38,39,42
, 18,26,33,38,43,44
, 08,18,19,29,44,45
, 10,15,18,25,42,48
, 05,06,34,37,42,48
, 01,09,10,12,42,45
, 10,15,16,18,19,28
, 11,14,19,25,30,41
, 01,08,13,22,36,45
, 05,26,28,45,47,49
, 02,17,22,38,45,49
, 01,12,16,26,37,49
, 11,19,23,31,38,46
, 03,09,10,17,34,48
, 02,15,16,17,26,42
, 09,12,13,15,21,33
, 02,07,24,30,31,35
, 06,10,18,19,22,43
, 01,14,17,23,30,47
, 01,10,17,23,29,35
, 02,06,07,23,27,30
, 12,20,36,39,44,45
, 16,18,26,32,38,40
, 03,12,29,37,43,46
, 09,13,22,39,48,49
, 02,05,06,17,18,30
, 07,20,27,40,43,49
, 02,09,12,22,25,26
, 01,07,15,25,27,32
, 04,22,25,30,34,42
, 18,19,21,32,35,39
, 08,12,15,22,36,48
, 01,03,04,16,17,27
, 08,18,24,26,32,38
, 07,12,26,33,35,47
, 03,06,07,29,46,49
, 16,20,26,35,43,46
, 09,21,27,33,35,48
, 13,24,31,33,41,44
, 08,10,13,31,38,48
, 05,07,23,29,38,47
, 03,05,16,25,43,45
, 07,20,25,27,33,45
, 09,26,30,31,38,45
, 08,11,15,21,37,39
, 05,15,21,33,35,42
, 10,22,35,37,47,49
, 02,08,10,45,47,49
, 02,10,15,16,18,39
, 04,24,25,28,38,47
, 06,16,33,37,40,41
, 05,06,08,32,33,41
, 03,08,12,23,34,46
, 22,24,29,31,44,45
, 05,18,34,38,40,45
, 19,30,33,38,42,44
, 01,04,10,17,28,35
, 04,20,32,44,48,49
, 12,17,18,20,30,35
, 23,27,32,37,41,43
, 01,13,17,26,42,46
, 02,13,30,39,45,47
, 01,06,26,29,37,48
, 03,19,35,38,39,42
, 05,16,23,35,44,47
, 04,11,20,35,43,46
, 11,29,33,38,46,48
, 09,18,22,26,37,41
, 10,12,22,34,46,48
, 19,32,33,36,40,45
, 03,22,27,29,34,41
, 02,18,20,32,36,37
, 04,08,09,19,32,46
, 04,22,23,37,43,44
, 11,17,21,22,40,42
, 11,21,38,39,45,47
, 10,13,15,16,29,48
, 02,19,29,34,35,36
, 02,04,23,26,28,40
, 06,07,20,29,37,39
, 11,25,35,36,42,47
, 05,06,12,19,30,47
, 16,18,19,44,46,48
, 10,30,34,42,48,49
, 03,06,08,14,24,31
, 04,05,08,19,31,37
, 02,06,08,21,41,42
, 05,28,32,39,42,48
, 10,21,26,31,48,49
, 07,10,24,32,33,45
, 11,26,36,43,44,46
, 12,30,43,44,45,47
, 13,19,25,28,34,45
, 16,18,35,36,39,48
, 07,22,25,31,44,47
, 15,16,18,36,37,49
, 02,03,14,15,21,48
, 02,09,10,11,13,16
, 06,21,29,32,33,47
, 01,06,07,11,13,30
, 04,07,12,29,37,42
, 08,14,24,27,29,32
, 15,20,28,37,40,44
, 07,21,29,31,38,41
, 02,23,28,33,45,47
, 02,18,23,31,43,46
, 04,07,09,17,36,46
, 04,17,26,28,38,46
, 05,14,19,32,34,42
, 19,20,31,32,35,40
, 01,06,08,20,29,38
, 13,16,23,28,31,32
, 10,22,23,30,33,42
, 06,11,19,35,36,44
, 09,13,15,23,26,45
, 24,26,28,29,34,44
, 07,13,21,34,35,43
, 07,10,16,34,47,48
, 10,11,31,41,45,46
, 15,21,23,24,31,32
, 04,18,19,20,30,43
, 01,20,42,43,44,49
, 02,04,05,22,27,29
, 04,25,28,36,42,49
, 06,07,25,33,38,43
, 14,17,18,22,32,37
, 18,21,32,36,39,41
, 03,13,14,23,30,36
, 01,02,10,34,47,48
, 15,16,18,28,36,47
, 03,05,07,26,43,47
, 13,19,27,36,41,44
, 19,26,30,34,40,44
, 07,14,15,25,27,40
, 05,09,18,39,43,46
, 21,22,30,31,38,48
, 04,06,10,19,40,49
, 01,25,27,35,43,46
, 08,10,42,44,47,49
, 08,09,11,17,45,47
, 10,15,19,22,24,32
, 11,19,32,33,43,44
, 03,13,17,20,21,30
, 07,14,21,32,43,44
, 05,13,19,30,32,43
, 03,19,22,40,41,44
, 05,11,24,26,34,41
, 17,18,32,35,39,48
, 04,08,18,26,32,34
, 08,14,25,36,38,47
, 06,09,20,24,35,36
, 09,24,28,30,31,40
, 10,18,25,28,37,43
, 05,06,26,41,42,44
, 01,07,15,23,27,34
, 09,18,20,21,39,48
, 05,17,20,31,33,34
, 08,11,25,33,37,43
, 06,12,28,31,39,44
, 08,09,27,34,43,48
, 17,21,24,25,46,49
, 10,20,24,36,37,44
, 04,07,12,13,16,29
, 07,15,20,28,40,48
, 02,13,20,36,37,40
, 06,12,30,39,45,46
, 12,19,27,39,42,47
, 10,13,20,25,27,32
, 06,08,14,19,20,44
, 07,18,34,37,39,42
, 15,16,23,27,32,44
, 01,03,11,12,20,24
, 16,20,28,29,41,45
, 02,16,28,34,41,42
, 02,06,20,24,29,32
, 11,19,31,32,36,45
, 10,17,26,29,36,37
, 01,09,10,12,23,40
, 07,28,34,43,46,48
, 05,07,13,24,35,40
, 09,23,25,33,38,44
, 01,14,16,30,34,42
, 04,06,08,19,23,29
, 02,14,19,26,34,48
, 08,22,31,32,42,45
, 23,27,30,37,38,42
, 10,25,30,38,44,46
, 12,19,30,34,37,41
, 19,29,32,33,43,47
, 06,23,24,25,30,49
, 08,09,10,20,39,40
, 10,31,34,39,43,44
, 04,05,06,18,36,49
, 02,21,23,24,27,38
, 08,38,39,40,43,44
, 01,03,06,19,21,26
, 05,20,26,31,32,40
, 08,33,38,40,48,49
, 18,26,28,30,38,46
, 09,12,29,33,44,47
, 02,14,26,30,44,45
, 02,14,17,22,38,44
, 03,14,15,17,19,47
, 06,14,35,45,46,49
, 06,08,21,25,30,45
, 02,09,15,17,40,48
, 11,21,25,27,30,35
, 01,06,13,18,20,49
, 15,23,24,27,43,48
, 01,09,32,34,38,49
, 04,05,09,13,29,47
, 01,10,14,30,36,43
, 14,20,22,29,33,37
, 11,16,18,22,23,31
, 04,06,18,21,35,38
, 18,19,25,36,38,40
, 26,29,31,32,39,46
, 04,07,11,15,28,47
, 11,15,20,27,33,40
, 03,13,29,31,36,45
, 01,02,03,08,30,37
, 01,09,13,18,27,45
, 02,25,31,37,41,45
, 07,11,14,22,37,38
, 11,16,19,24,33,47
, 24,34,37,38,41,49
, 13,28,32,38,40,47
, 09,15,22,43,46,48
, 12,18,39,43,45,49
, 07,15,16,24,25,46
, 11,18,24,31,34,49
, 07,25,31,35,39,45
, 12,14,19,33,35,48
, 12,14,24,33,45,48
, 12,16,35,37,38,47
, 07,11,19,24,32,39
, 07,15,23,35,39,44
, 03,15,22,29,35,49
, 04,11,30,31,44,47
, 04,12,30,33,43,48
, 01,25,27,33,38,45
, 06,29,30,38,39,45
, 09,18,27,30,32,48
, 01,03,16,33,46,47
, 02,17,20,23,28,43
, 02,25,33,40,44,47
, 10,11,24,35,40,44
, 12,20,23,26,33,46
, 30,35,41,44,46,49
, 07,24,35,41,42,47
, 02,19,37,38,44,49
, 09,19,30,32,34,44
, 10,16,23,24,28,45
, 22,23,26,34,37,44
, 02,25,34,35,36,39
, 06,25,31,32,42,43
, 11,22,27,34,39,42
, 01,03,15,26,45,46
, 01,05,08,31,37,38
, 02,04,12,21,36,37
, 03,12,30,33,40,49
, 07,14,20,24,38,48
, 04,09,12,13,22,32
, 01,03,12,28,29,41
, 08,10,24,30,40,44
, 10,14,31,35,40,45
, 03,10,23,27,30,32
, 07,09,12,17,20,32
, 02,05,33,37,40,45
, 02,15,16,17,25,26
, 01,16,33,36,38,45
, 04,12,15,39,45,47
, 10,11,28,29,31,39
, 13,17,22,41,43,47
, 10,13,24,31,36,47
, 12,23,28,34,36,40
, 10,14,15,23,24,27
, 06,16,23,34,35,40
, 05,06,16,17,19,22
, 01,07,16,18,38,47
, 09,24,26,36,37,42
, 02,16,17,23,37,38
, 05,08,39,41,46,49
, 17,21,26,29,34,39
, 03,12,23,34,38,39
, 11,16,25,31,32,33
, 06,10,13,19,27,47
, 02,19,28,37,46,47
, 07,19,28,30,33,37
, 03,06,20,42,43,48
, 04,12,20,23,31,33
, 06,09,11,21,27,43
, 13,19,28,31,41,44
, 18,23,28,34,35,47
, 02,05,09,16,27,43
, 02,08,17,29,33,44
, 04,09,20,23,38,45
, 01,13,14,23,31,47
, 06,09,13,14,26,38
, 08,14,15,18,24,44
, 04,06,11,19,32,36
, 07,22,31,37,38,40
, 06,10,19,30,34,41
, 01,06,20,28,31,45
, 10,14,19,43,46,49
, 12,15,27,32,40,44
, 04,10,24,28,40,47
, 06,16,18,32,35,45
, 07,25,30,34,38,39
, 04,22,23,26,42,47
, 14,20,25,32,47,49
, 03,04,24,25,35,43
, 06,07,11,23,32,44
, 11,12,21,31,36,40
, 13,21,24,38,40,41
, 04,11,16,29,34,35
, 03,31,32,37,38,47
, 05,22,34,38,43,46
, 11,24,33,34,37,45
, 06,31,35,36,43,46
, 10,14,32,35,36,43
, 01,03,35,37,39,48
, 26,35,38,39,44,46
, 29,30,33,37,45,48
, 02,28,29,40,43,47
, 13,16,43,45,47,48
, 16,23,31,33,38,41
, 01,02,07,35,39,44
, 04,12,21,27,41,49
, 21,30,35,38,41,46
, 06,11,19,23,25,28
, 11,16,22,39,42,48
, 08,10,27,38,40,46
, 06,09,32,34,42,48
, 01,10,24,33,37,46
, 04,22,24,25,40,43
, 04,07,23,24,26,38
, 01,14,15,35,44,47
, 02,05,20,24,28,39
, 03,08,19,35,36,48
, 01,11,14,19,38,44
, 21,23,33,34,43,45
, 06,08,21,36,38,46
, 07,11,18,21,25,44
, 01,10,11,15,21,48
, 06,30,35,42,44,45
, 10,18,29,37,38,46
, 02,03,30,31,41,45
, 05,06,24,36,38,48
, 15,16,19,27,29,42
, 04,09,14,28,36,39
, 26,31,35,43,48,49
, 01,03,07,19,29,44
, 02,23,28,31,46,48
, 09,12,19,22,26,34
, 18,23,30,46,47,49
, 02,03,07,10,40,48
, 03,11,19,25,29,30
, 11,18,20,23,28,32
, 15,22,23,27,32,37
, 06,18,20,33,36,40
, 05,08,15,16,22,39
, 07,12,25,28,30,40
, 07,12,37,42,46,49
, 06,18,22,32,36,46
, 11,13,19,26,28,47
, 04,08,10,12,15,30
, 03,05,06,08,16,45
, 11,17,18,20,39,47
, 01,05,11,32,43,46
, 06,07,12,16,19,42
, 04,06,12,17,18,19
, 03,06,14,19,32,41
, 21,38,40,46,47,49
, 10,30,31,32,39,42
, 05,07,17,21,27,48
, 06,14,21,28,41,43
, 07,09,10,40,41,44
, 04,16,17,43,46,48
, 10,12,16,17,31,47
, 03,10,14,17,19,27
, 13,18,32,34,39,41
, 05,22,25,30,31,33
, 02,05,14,23,27,48
, 16,26,33,36,39,47
, 02,21,23,24,25,35
, 29,32,39,46,47,49
, 06,07,12,13,18,29
, 04,09,16,35,43,44
, 05,09,27,37,43,46
, 07,10,11,26,31,33
, 16,23,25,31,35,47
, 28,36,37,38,42,47
, 08,10,22,46,47,49
, 01,12,16,33,34,44
, 07,09,15,20,29,34
, 02,06,23,31,33,36
, 07,10,21,28,29,39
, 02,10,18,19,28,35
, 08,10,23,34,36,46
, 03,22,25,31,35,37
, 10,15,17,27,44,47
, 04,09,13,22,25,32
, 04,08,10,15,25,39
, 09,18,27,29,33,43
, 11,25,27,31,40,41
, 03,19,23,29,33,34
, 08,15,26,29,38,46
, 09,13,19,21,30,45
, 03,14,28,37,38,49
, 01,03,08,33,39,43
, 18,20,26,30,43,49
, 06,16,21,28,37,44
, 05,11,15,18,23,33
, 09,14,27,30,32,49
, 02,04,16,21,29,46
, 08,10,17,22,36,38
, 03,05,07,10,14,20
, 03,05,19,27,39,49
, 06,14,15,17,27,47
, 01,08,20,22,36,48
, 12,15,16,17,42,48
, 06,08,13,34,38,45
, 01,09,18,24,38,44
, 01,15,22,38,39,48
, 04,07,19,22,24,46
, 03,04,09,29,31,36
, 12,26,27,32,46,49
, 03,14,30,32,46,49
, 08,25,26,37,38,48
, 12,17,26,32,33,46
, 03,15,23,42,45,48
, 01,15,21,37,41,42
, 05,07,15,26,35,40
, 04,06,08,41,43,44
, 11,17,28,36,42,44
, 02,14,19,25,32,49
, 02,17,18,23,30,40
, 08,11,18,30,33,43
, 04,06,20,24,41,42
, 17,21,25,37,38,45
, 03,18,21,23,36,49
, 08,10,12,34,46,48
, 11,20,24,28,35,48
, 17,23,27,34,36,37
, 03,07,09,12,43,44
, 14,22,26,29,33,46
, 08,11,14,24,26,49
, 01,02,05,27,38,49
, 04,14,18,24,27,40
, 08,09,26,29,38,47
, 01,12,24,31,33,47
, 07,13,17,22,39,44
, 07,20,24,31,33,40
, 15,23,24,36,43,49
, 03,08,11,25,46,47
, 03,12,22,31,44,46
, 03,16,28,29,41,46
, 05,09,12,25,30,32
, 10,18,25,32,35,36
, 10,15,23,27,29,46
, 03,07,09,15,40,43
, 01,05,12,24,26,38
, 09,25,30,36,44,48
, 13,21,27,32,45,48
, 13,17,25,29,45,49
, 01,07,29,38,45,46
, 01,02,15,17,24,44
, 08,18,27,32,36,49
, 08,32,33,37,43,47
, 20,22,24,25,36,40
, 01,07,13,15,38,43
, 02,03,13,27,34,48
, 03,09,17,23,29,40
, 02,22,31,32,40,42
, 05,23,26,27,47,49
, 02,20,21,33,35,49
, 02,17,23,38,40,49
, 03,16,18,24,39,47
, 07,19,32,37,40,44
, 02,03,06,20,21,22
, 01,08,10,17,32,47
, 04,08,14,19,28,40
, 11,26,28,32,41,42
, 06,25,27,35,42,48
, 01,15,23,34,37,40
, 02,11,18,21,23,47
, 04,31,33,38,41,46
, 03,13,18,24,34,49
, 02,08,11,32,35,41
, 04,12,18,30,38,47
, 09,10,18,25,28,48
, 11,19,20,24,29,40
, 26,28,38,39,41,46
, 01,07,39,40,45,49
, 04,07,23,26,27,35
, 07,11,16,28,37,49
, 04,25,26,30,37,45
, 04,08,30,37,39,43
, 07,09,17,22,38,49
, 02,08,12,30,35,47
, 07,11,12,17,23,39
, 05,11,19,25,29,49
, 13,24,25,31,32,44
, 02,09,11,23,24,42
, 05,09,12,14,18,38
, 01,02,07,17,31,49
, 06,08,15,23,26,41
, 03,11,15,41,42,48
, 03,25,36,37,41,45
, 01,02,05,15,41,45
, 11,13,21,26,43,46
, 02,12,24,29,30,33
, 01,11,18,19,22,32
, 10,12,14,28,31,38
, 06,15,18,29,35,40
, 09,11,14,26,28,39
, 24,26,27,28,34,40
, 18,25,28,36,40,45
, 03,15,23,25,28,33
, 01,02,09,27,28,32
, 09,10,11,27,42,47
, 07,19,27,33,39,43
, 10,12,37,42,44,45
, 03,20,26,27,30,43
, 02,10,11,27,32,38
, 05,27,34,44,46,48
, 03,05,15,22,31,35
, 12,21,23,25,44,49
, 02,05,17,21,45,47
, 13,35,38,40,42,47
, 12,14,31,41,48,49
, 01,07,23,29,38,48
, 18,25,36,38,43,44
, 28,34,38,39,46,47
, 03,11,20,33,42,44
, 01,15,23,31,35,39
, 03,14,23,30,39,43
, 12,13,21,23,33,36
, 09,15,25,29,32,49
, 17,18,28,40,44,46
, 07,09,11,23,30,43
, 02,14,19,25,26,33
, 01,14,27,31,38,47
, 02,10,16,17,20,27
, 02,07,10,15,27,45
, 02,09,26,28,33,46
, 01,15,23,31,42,48
, 01,17,18,23,33,41
, 02,03,14,29,38,40
, 08,13,15,26,39,42
, 08,20,24,35,43,47
, 11,15,31,35,36,42
, 02,04,06,10,34,44
, 03,13,16,23,41,42
, 02,09,25,26,35,40
, 06,07,14,19,22,27
, 02,04,16,24,29,49
, 12,15,28,34,36,40
, 17,22,36,38,43,48
, 03,07,09,10,12,37
, 01,13,29,31,33,42
, 01,12,18,26,29,36
, 07,10,31,35,43,44
, 09,22,37,41,43,47
, 05,19,24,33,38,48
, 01,02,24,36,37,38
, 11,13,23,28,29,37
, 01,06,10,25,31,45
, 02,15,23,26,41,43
, 12,25,31,39,46,47
, 02,15,18,26,36,38
, 16,22,23,28,33,37
, 04,11,14,39,43,44
, 06,28,30,34,41,45
, 01,07,15,18,30,31
, 09,21,27,36,42,48
, 02,16,25,27,37,45
, 01,05,10,13,25,32
, 08,13,14,17,20,28
, 11,32,38,42,46,49
, 09,25,27,31,42,45
, 13,17,32,35,42,45
, 17,22,30,40,46,48
, 04,12,15,31,32,47
, 01,04,06,14,24,49
, 05,12,24,35,36,38
, 14,31,33,38,46,48
, 20,27,28,31,33,41
, 03,10,11,27,47,49
, 07,14,25,32,36,38
, 01,13,26,28,35,45
, 08,13,18,21,23,29
, 14,21,28,31,40,46
, 05,06,11,29,36,41
, 01,02,07,26,34,38
, 17,35,36,43,46,49
, 03,04,11,14,30,32
, 04,17,22,29,38,48
, 05,09,19,21,30,49
, 01,08,36,39,47,49
, 02,08,21,29,46,47
, 05,11,19,23,24,47
, 08,14,24,28,39,45
, 22,27,33,42,46,47
, 11,14,23,32,34,35
, 03,06,08,27,36,45
, 05,24,34,37,40,48
, 01,04,06,09,32,38
, 09,10,14,16,37,39
, 02,04,25,32,33,45
, 10,21,27,38,40,44
, 01,08,09,14,24,35
, 04,09,25,28,32,46
, 11,17,30,35,39,45
, 15,17,18,27,34,40
, 03,04,07,23,34,43
, 12,19,28,36,40,46
, 08,12,17,35,38,49
, 15,21,29,32,33,40
, 12,14,29,31,32,44
, 09,30,38,40,43,44
, 07,20,21,22,40,44
, 01,02,05,31,32,40
, 20,31,32,35,43,45
, 20,22,26,36,40,41
, 10,14,22,30,38,43
, 06,20,30,33,38,46
, 01,07,22,25,31,47
, 04,10,25,36,44,47
, 08,20,27,28,36,41
, 02,09,19,20,38,49
, 05,10,17,29,41,43
, 01,18,20,25,30,31
, 03,05,06,20,45,49
, 02,16,28,37,43,47
, 03,06,12,19,44,45
, 09,15,20,27,30,41
, 04,11,21,27,28,34
, 07,19,36,44,45,47
, 08,18,23,26,35,45
, 04,09,27,37,44,45
, 03,05,13,22,24,43
, 01,04,11,36,43,44
, 06,10,18,22,41,45
, 02,09,14,36,43,48
, 12,17,27,28,38,40
, 01,17,26,27,30,44
, 04,14,19,23,25,48
, 03,08,10,16,43,44
, 10,31,33,40,42,44
, 12,14,21,25,30,40
, 18,19,21,30,34,44
, 02,05,09,28,29,45
, 03,19,24,25,36,48
, 03,21,23,25,26,33
, 05,08,21,38,39,49
, 02,09,13,18,27,48
, 02,08,16,21,29,37
, 12,19,22,23,25,44
, 12,19,28,31,34,43
, 06,20,29,31,35,40
, 08,10,16,17,24,40
, 06,10,14,25,27,38
, 08,12,17,23,34,43
, 01,14,16,25,32,37
, 03,06,09,19,37,48
, 09,27,29,37,42,44
, 06,22,35,42,45,49
, 01,03,28,31,41,46
, 05,10,17,25,40,43
, 17,19,31,36,39,40
, 24,33,42,43,44,47
, 14,27,39,40,41,43
, 13,16,17,29,40,48
, 07,24,37,39,40,43
, 03,04,05,16,22,25
, 05,12,20,29,39,42
, 07,12,20,24,28,43
, 02,08,23,33,42,49
, 02,34,36,38,44,46
, 01,05,08,09,23,27
, 09,11,19,36,39,41
, 07,14,21,34,38,47
, 05,14,23,29,38,45
, 09,13,27,30,36,47
, 09,25,28,29,31,35
, 12,16,20,28,36,48
, 01,24,28,31,35,47
, 03,21,22,26,31,48
, 04,11,16,18,35,43
, 11,13,14,27,40,41
, 08,10,20,27,31,39
, 05,26,35,38,42,45
, 12,24,33,34,42,47
, 06,13,17,22,42,47
, 04,05,12,25,26,49
, 16,33,34,43,46,49
, 01,05,16,18,37,42
, 08,24,27,41,43,49
, 07,23,32,35,43,48
, 01,03,09,20,30,35
, 10,13,31,34,39,48
, 15,16,25,30,39,45
, 06,09,25,45,47,48
, 19,23,26,31,36,39
, 07,08,12,30,35,41
, 02,09,10,11,38,48
, 05,13,15,18,32,44
, 03,05,14,27,44,47
, 08,11,14,18,33,44
, 02,28,33,39,42,44
, 03,23,36,38,41,45
, 13,17,26,28,31,36
, 02,13,19,21,32,45
, 06,14,20,25,34,44
, 05,10,11,12,41,42
, 13,26,43,44,45,47
, 04,17,27,34,35,46
, 03,04,07,11,17,40
, 13,18,25,44,46,47
, 11,15,17,25,32,46
, 24,35,36,37,39,45
, 08,20,26,34,42,43
, 04,12,13,33,40,46
, 07,10,12,22,34,48
, 06,25,26,33,34,47
, 04,06,11,18,31,48
, 09,28,29,31,40,48
, 23,38,40,44,47,49
, 01,04,06,14,17,38
, 12,26,27,28,37,49
, 05,07,14,18,30,43
, 02,12,19,28,38,48
, 14,16,29,30,37,45
, 09,11,12,24,41,45
, 02,05,07,24,35,44
, 04,14,15,16,18,22
, 04,11,14,15,28,42
, 02,09,22,26,32,44
, 16,17,38,41,42,43
, 05,23,25,30,33,37
, 21,29,31,32,34,48
, 02,03,04,13,42,44
, 06,32,39,42,43,45
, 06,11,34,40,47,49
, 07,08,23,28,35,49
, 05,11,12,26,29,33
, 15,16,19,26,35,46
, 16,23,28,30,42,46
, 04,07,18,33,45,48
, 07,10,23,28,30,48
, 06,14,18,27,44,48
, 07,16,27,33,35,44
, 02,06,17,19,21,47
, 04,05,09,25,30,47
, 10,22,28,30,36,37
, 10,11,29,32,33,40
, 05,10,19,24,34,46
, 02,10,14,25,37,41
, 02,12,20,22,41,45
, 01,15,22,28,40,49
, 16,18,21,27,38,41
, 05,08,23,24,28,48
, 11,25,28,33,34,47
, 01,08,25,30,35,45
, 28,34,41,45,46,49
, 02,03,21,22,23,40
, 01,04,20,31,41,43
, 01,03,11,14,20,40
, 05,07,08,25,44,48
, 05,15,21,42,43,45
, 27,30,33,38,40,48
, 12,15,26,44,46,49
, 01,21,29,31,32,40
, 12,13,25,37,44,45
, 15,16,17,28,32,46
, 07,16,25,26,28,41
, 05,14,17,35,43,48
, 09,15,22,31,34,48
, 08,18,20,33,36,38
, 01,04,06,23,26,49
, 14,17,22,24,42,47
, 22,25,30,32,41,43
, 04,17,41,42,44,49
, 09,18,19,24,31,41
, 02,13,22,27,29,46
, 11,12,17,26,36,42
, 05,08,10,18,31,33
, 16,19,21,29,36,45
, 15,18,29,35,38,48
, 01,07,37,38,42,46
, 04,16,25,26,31,43
, 06,16,20,30,31,47
, 07,17,23,32,38,42
, 02,05,21,22,25,32
, 09,17,32,36,42,44
, 02,03,27,29,39,44
, 03,05,09,13,14,38
, 26,35,38,43,47,49
, 11,17,21,29,30,40
, 06,12,15,16,31,44
, 03,05,14,22,30,44
,,,,,,
